"Buttered Spinach",Feb-10,"Page 83","Sides & Salads"
"Cabbage with Bacon",Feb-10,"Page 94","Sides & Salads"
"Carrot Puree",Feb-10,"Page 106","Sides & Salads"
"Creamed Potato",Feb-10,"Page 83","Sides & Salads"
"Potato Scones",Feb-10,"Page 52","Sides & Salads"
"Sesame Chutney",Feb-10,"Page 129","Sides & Salads"
"Texas cornbread",Feb-10,"Page 129","Sides & Salads"
"Tomato essence",Feb-10,"Page 130","Sides & Salads"
"Welsh onion cake",Feb-10,"Page 94","Sides & Salads"
"Buttered Spinach with feta",Apr-10,"Page 53","Sides & Salads"
"Carrot & Couscous salad",Apr-10,"Page 52","Sides & Salads"
"Carrot & cumin salad",Apr-10,"Page 118","Sides & Salads"
"Dauphinoise potatoes",Apr-10,"Page 97","Sides & Salads"
"Half-steamed purple sprouting brocolli",Apr-10,"Page 112","Sides & Salads"
"Herby brocolli",Apr-10,"Page 52","Sides & Salads"
"Melty leeks in butter",Apr-10,"Page 97","Sides & Salads"
"Mexican potaoes",Apr-10,"Page 53","Sides & Salads"
"New potatoes 'Lyonnaise'",Apr-10,"Page 112","Sides & Salads"
"Pea & Potato crush",Apr-10,"Page 53","Sides & Salads"
"Roasted butternut squash",Apr-10,"Page 97","Sides & Salads"
"Spiced tomato rice",Apr-10,"Page 52","Sides & Salads"
"Arabic salad",May-10,"Page 106","Sides & Salads"
"Beetroot, toasted almond & watercress salad",May-10,"Page 114","Sides & Salads"
"Bulghar wheat, basil & pine nut salad",May-10,"Page 113","Sides & Salads"
"Carrot, radish & chicory slaw",May-10,"Page 112","Sides & Salads"
"Courgettes with crisp cheese crumbs",May-10,"Page 41","Sides & Salads"
"Crunchy detox salad",May-10,"Page 44","Sides & Salads"
"Fennel, red onion & cucumber salad",May-10,"Page 110","Sides & Salads"
"Golden potatoes & onions",May-10,"Page 60","Sides & Salads"
"Green salad with summer herb dressing",May-10,"Page 112","Sides & Salads"
"Herby apricot quinoa",May-10,"Page 41","Sides & Salads"
"Mediterranean pepper salad",May-10,"Page 109","Sides & Salads"
"Perfect rice",May-10,"Page 104","Sides & Salads"
"Pickled radish & cucumber salad",May-10,"Page 41","Sides & Salads"
"Simple caesar salad",May-10,"Page 110","Sides & Salads"
"Spiced chickpea dip",May-10,"Page 30","Sides & Salads"
"Spinach & avocado salad with blue cheese",May-10,"Page 113","Sides & Salads"
"Spring green fattoush",May-10,"Page 66","Sides & Salads"
"Tartare potato salad",May-10,"Page 114","Sides & Salads"
"Thai herb & bean salad",May-10,"Page 104","Sides & Salads"
"Avocado cream",Jun-10,"Page 76","Sides & Salads"
"Bacon potato salad",Jun-10,"Page 35","Sides & Salads"
"Cheese & bacon tortilla pizza",Jun-10,"Page 35","Sides & Salads"
"Chopped salad",Jun-10,"Page 94","Sides & Salads"
"Green raita",Jun-10,"Page 94","Sides & Salads"
"Lemony potato salad",Jun-10,"Page 94","Sides & Salads"
"Paprika wedges",Jun-10,"Page 104","Sides & Salads"
"Pickled red onions",Jun-10,"Page 84","Sides & Salads"
"Ricotta toasts with rocket salsa",Jun-10,"Page 116","Sides & Salads"
"Smoky aubergine dip",Jun-10,"Page 96","Sides & Salads"
"Summer spice mix",Jun-10,"Page 110","Sides & Salads"
"Warm bacon and mushroom salad",Jun-10,"Page 35","Sides & Salads"
"Warm potato salad with caeser dressing",Jun-10,"Page 48","Sides & Salads"
"Aubergine & pepper salad",Jul-10,"Page 100","Sides & Salads"
"Avocado & chilli salad",Jul-10,"Page 50","Sides & Salads"
"Avocado with lime",Jul-10,"Page 114","Sides & Salads"
"Buttery baked corn",Jul-10,"Page 51","Sides & Salads"
"Creamed cheese broad beans & garden peas",Jul-10,"Page 141","Sides & Salads"
"Cucumber & fennel salad",Jul-10,"Page 51","Sides & Salads"
"Cucumber salad with poppy seeds",Jul-10,"Page 96","Sides & Salads"
"Feta bites",Jul-10,"Page 96","Sides & Salads"
"Garlic & herb bulgur wheat",Jul-10,"Page 51","Sides & Salads"
"Green salad with beans & walnut",Jul-10,"Page 97","Sides & Salads"
"Hot paprika potatoes with garlic mayo",Jul-10,"Page 114","Sides & Salads"
"Lemon & coriander houmous",Jul-10,"Page 56","Sides & Salads"
"Orzo & mozarella salad",Jul-10,"Page 56","Sides & Salads"
"Potato salad with bacon & mustard",Jul-10,"Page 100","Sides & Salads"
"Roasted veg & couscous salad",Jul-10,"Page 56","Sides & Salads"
"Spinach salad with honey dressing",Jul-10,"Page 114","Sides & Salads"
"Red Pepper houmous",Jul-10,"Page 31","Sides & Salads"
"Avacado salad",Aug-10,"Page 104","Sides & Salads"
"Bean, chickpea & feta salad",Aug-10,"Page 27","Sides & Salads"
"Big chicken & crouton salad",Aug-10,"Page 44","Sides & Salads"
"Big egg, bacon and bean salad",Aug-10,"Page 94","Sides & Salads"
"Chargrilled veg salad",Aug-10,"Page 64","Sides & Salads"
"Chicken & olive caesar salad",Aug-10,"Page 26","Sides & Salads"
"Chicken and salsa bean salad",Aug-10,"Page 27","Sides & Salads"
"Minted courgette salad",Aug-10,"Page 116","Sides & Salads"
"Miso brown rice & chicken salad",Aug-10,"Page 42","Sides & Salads"
"Salmon with new potato, corn salad
& basil dressing",Aug-10,"Page 40","Sides & Salads"
"Steak salad with blue cheese vinaigrette",Aug-10,"Page 40","Sides & Salads"
"Watermelon, prawn & avacado salad",Aug-10,"Page 61","Sides & Salads"
"Carrot, olive & lemon couscous",Aug-10,"Page 104","Sides & Salads"
"Celeriac & carrot remoulade",Aug-10,"Page 52","Sides & Salads"
"Tangy roasted peppers",Aug-10,"Page 116","Sides & Salads"
"Artichoke & olive dip",Sep-10,"Page 88","Sides & Salads"
"Crispy garlic & rosemary potato slices",Sep-10,"Page 41","Sides & Salads"
"Crushed saffron potatoes",Sep-10,"Page 94","Sides & Salads"
"Dill cream",Sep-10,"Page 114","Sides & Salads"
"Easy caponata",Sep-10,"Page 88","Sides & Salads"
"Golden corn",Sep-10,"Page 28","Sides & Salads"
"Green beans with coconut",Sep-10,"Page 94","Sides & Salads"
"Grilled baby onions with cream & basil",Sep-10,"Page 106","Sides & Salads"
"Harissa",Sep-10,"Page 62","Sides & Salads"
"Herb salsa",Sep-10,"Page 114","Sides & Salads"
"Homemade semi-dried tomatoes",Sep-10,"Page 45","Sides & Salads"
"Horseradish cream",Sep-10,"Page 104","Sides & Salads"
"Marinated aubergines & rocket salad",Sep-10,"Page 41","Sides & Salads"
"Mini jacket potatoes",Sep-10,"Page 106","Sides & Salads"
"Pimientoes de Padron",Sep-10,"Page 60","Sides & Salads"
"Roasted tomatoes with peppers, garlic & thyme",Sep-10,"Page 45","Sides & Salads"
"Roasted vine tomatoes",Sep-10,"Page 90","Sides & Salads"
"Rocket, mint & broad bean salad",Sep-10,"Page 90","Sides & Salads"
"Smashed bean dip",Sep-10,"Page 48","Sides & Salads"
"Ten-minute stir-fry",Sep-10,"Page 41","Sides & Salads"
"Tomato & mint salad",Sep-10,"Page 45","Sides & Salads"
"Warm runner bean salad",Sep-10,"Page 106","Sides & Salads"
"Autumn coleslaw",Oct-10,"Page 65","Sides & Salads"
"Braised red cabbage with apple",Oct-10,"Page 102","Sides & Salads"
"Colcannon",Oct-10,"Page 84","Sides & Salads"
"Iced banana shake",Oct-10,"Page 48","Sides & Salads"
"Jewelled rice",Oct-10,"Page 112","Sides & Salads"
"Lemon & herb mascarpone sauce",Oct-10,"Page 35","Sides & Salads"
"Pickled pear relish",Oct-10,"Page  66","Sides & Salads"
"Potatoes cooked in bay-infused milk",Oct-10,"Page 102","Sides & Salads"
"Radish & carrot salad",Oct-10,"Page 118","Sides & Salads"
"Spring onion mash",Oct-10,"Page 126","Sides & Salads"
"Bacon, sausage & prune rolls",Dec-10,"Page 39","Sides & Salads"
"Ballymalloe cucumber pickle",Dec-10,"Page 128","Sides & Salads"
"Buttered peas & leeks",Dec-10,"Page 48","Sides & Salads"
"Carrot & star anise puree",Dec-10,"Page 48","Sides & Salads"
"Chili & tangerine braised lentils",Dec-10,"Page 107","Sides & Salads"
"Christmas slaw",Dec-10,"Page 183","Sides & Salads"
"Chunky roast potatoes",Dec-10,"Page 44","Sides & Salads"
"Cranberry & red wine sauce",Dec-10,"Page 42","Sides & Salads"
"Creamy potato & shallot gratin",Dec-10,"Page 44","Sides & Salads"
"Garlic rice",Dec-10,"Page 76","Sides & Salads"
"Gravy for the Christmas turkey",Dec-10,"Page 40","Sides & Salads"
"Horseradish sauce",Dec-10,"Page 128","Sides & Salads"
"Make-ahead gravy",Dec-10,"Page 187","Sides & Salads"
"Mashed parsnip & sprout colcannon",Dec-10,"Page 46","Sides & Salads"
"Mixed greens with sesame",Dec-10,"Page 98","Sides & Salads"
"Red cabbage with Bramley apple & walnuts",Dec-10,"Page 46","Sides & Salads"
"Roasted beets with watercress & horseradish apple sauce",Dec-10,"Page 105","Sides & Salads"
"Roasted cauliflower with garlic, bay & lemon",Dec-10,"Page 107","Sides & Salads"
"Roasted Jerusalem artichokes",Dec-10,"Page 98","Sides & Salads"
"Roasted root vegetables",Dec-10,"Page 48","Sides & Salads"
"Roast garlic colcannon",Dec-10,"Page 131","Sides & Salads"
"Sausages & cranberry stuffing",Dec-10,"Page 38","Sides & Salads"
"Savoy cabbage with almonds",Dec-10,"Page 48","Sides & Salads"
"Speedy horseradish apple sauce",Dec-10,"Page 105","Sides & Salads"
"Sprouts with chestnuts & crisp pancetta",Dec-10,"Page 48","Sides & Salads"
"Squashed baby potatoes with rosemary",Dec-10,"Page 44","Sides & Salads"
"Sticky carrots with thyme & honey",Dec-10,"Page 46","Sides & Salads"
"Swede & parsnip bake",Dec-10,"Page 46","Sides & Salads"
"Sweet mustard & dill mayonnaise",Dec-10,"Page 128","Sides & Salads"
"Traditional bread sauce",Dec-10,"Page 42","Sides & Salads"
"Welsh rarebit puff pastries",Dec-10,"Page 205","Sides & Salads"
"Wild rice, chestnut & squash stuffing",Dec-10,"Page 38","Sides & Salads"
"Italian butter beans",Jan-11,"Page 37","Sides & Salads"
"Roasted herby mushrooms",Jan-11,"Page 37","Sides & Salads"
"Slow cooked red cabbage",Jan-11,"Page 120","Sides & Salads"
"Spicy potatoes",Jan-11,"Page 37","Sides & Salads"
"Sprouts with sesame & spring onions",Jan-11,"Page 66","Sides & Salads"
"Cabbage with caraway",Mar-11,"Page 37","Sides & Salads"
"Caramelised shallots",Mar-11,"Page 118","Sides & Salads"
"Couscous with raisins, pine nuts & green olives",Mar-11,"Page 68","Sides & Salads"
"Creamy mash",Mar-11,"Page 118","Sides & Salads"
"Gujarati cabbage with coconut & potato",Mar-11,"Page 62","Sides & Salads"
"Hot betroot salad",Mar-11,"Page 37","Sides & Salads"
"Jacket potatoes with home-baked beans",Mar-11,"Page 48","Sides & Salads"
"Marinated olives",Mar-11,"Page 102","Sides & Salads"
"Mixed salad",Mar-11,"Page 102","Sides & Salads"
"New potatoes with cornichons & creams",Mar-11,"Page 114","Sides & Salads"
"Pear, walnut,& halloumi salad",Mar-11,"Page 135","Sides & Salads"
"Roasted carrots",Mar-11,"Page 118","Sides & Salads"
"Root vegetable mash",Mar-11,"Page 37","Sides & Salads"
"Spiced cauliflower",Mar-11,"Page 53","Sides & Salads"
"Stir-fried noodles",Mar-11,"Page 116","Sides & Salads"
"Tomato salad",Mar-11,"Page 102","Sides & Salads"
"Warm cauliflower salad",Mar-11,"Page 53","Sides & Salads"
"Warm chicken liver salad",Mar-11,"Page 49","Sides & Salads"
"Broccoli with fried onion & garlic",Apr-11,"Page 37","Sides & Salads"
"Cheesy popcorn",Apr-11,"Page 44","Sides & Salads"
"Honey glazed roast carrots",Apr-11,"Page 120","Sides & Salads"
"Peas & beans with pancetta & mint",Apr-11,"Page 120","Sides & Salads"
"Potato & radish salad",Apr-11,"Page 37","Sides & Salads"
"Speedy guacamole with nachos",Apr-11,"Page 44","Sides & Salads"
"Spinach & shallot salad",Apr-11,"Page 108","Sides & Salads"
"Stir-fried greens in oyster sauce",Apr-11,"Page 115","Sides & Salads"
"Stir-fried noodles & beansprouts",Apr-11,"Page 37","Sides & Salads"
"Warm new potatoes with cured ham & chives",Apr-11,"Page 86","Sides & Salads"
"Broad bean & courgette salad",May-11,"Page 71","Sides & Salads"
"Brocolli & cauliflower cheese",May-11,"Page 118","Sides & Salads"
"Brocolli with a crunch",May-11,"Page 108","Sides & Salads"
"Butter braised peas, lettuce & mint",May-11,"Page 62","Sides & Salads"
"Buttery couscous",May-11,"Page 78","Sides & Salads"
"Cheese & onion rarebit",May-11,"Page 42","Sides & Salads"
"Cider fondant potatoes",May-11,"Page 118","Sides & Salads"
"Green beans with shallots",May-11,"Page 118","Sides & Salads"
"Harissa sweet potato wedges",May-11,"Page 38","Sides & Salads"
"New potato & frisee salad",May-11,"Page 100","Sides & Salads"
"Potato & green bean salad",May-11,"Page 80","Sides & Salads"
"Puy lentil, spiced roast carrot & feta salad",May-11,"Page 36","Sides & Salads"
"Sesame grilled asparagus rafts",May-11,"Page 66","Sides & Salads"
"Spinach & walnut salad with bue cheese dressing",May-11,"Page 38","Sides & Salads"
"Stoved potatoes",May-11,"Page 108","Sides & Salads"
"Warm salad of asparagus, bacon, duck egg & hazelnuts",May-11,"Page 108","Sides & Salads"
"Yogurt & spice-crusted roast potatoes",May-11,"Page 104","Sides & Salads"
"Cannellini bean, cherry tomato & red onion salad",Jun-11,"Page 43","Sides & Salads"
"Corn with coriander butter",Jun-11,"Page 43","Sides & Salads"
"Couscous with pine nuts, coriander & raisins",Jun-11,"Page 43","Sides & Salads"
"Crab & asparagus salad with chilli & lime dressing",Jun-11,"Page 54","Sides & Salads"
"Garden salad",Jun-11,"Page 91","Sides & Salads"
"Green beans with shallots, garlic & toasted almonds",Jun-11,"Page 110","Sides & Salads"
"Layered salad with Parmesan croutons",Jun-11,"Page 70","Sides & Salads"
"Mint, lime & cucumber salad",Jun-11,"Page 94","Sides & Salads"
"Pea & radish salad",Jun-11,"Page 114","Sides & Salads"
"Roasted fennel with tomatoes olives & potatoes",Jun-11,"Page 91","Sides & Salads"
"Roasted pepper, tuna & olive salad",Jun-11,"Page 38","Sides & Salads"
"Salmon & soya bean salad",Jun-11,"Page 58","Sides & Salads"
"Salsa picante",Jun-11,"Page 76","Sides & Salads"
"Smashed rosemary potatoes",Jun-11,"Page 110","Sides & Salads"
"A seasonal salad of butter beans, griddled courgettes, roast red peppers & chorizo",Jul-11,"Page 60","Sides & Salads"
"Beef & rocket salad",Jul-11,"Page 59","Sides & Salads"
"Broad beans & peas with mint butter",Jul-11,"Page 102","Sides & Salads"
"Carrot & sugar snap salad",Jul-11,"Page 41","Sides & Salads"
"Creamy bean dip",Jul-11,"Page 26","Sides & Salads"
"Crisp salad with a creamy vinaigrette",Jul-11,"Page 108","Sides & Salads"
"Great guacamole",Jul-11,"Page 106","Sides & Salads"
"Green bean & mustard pickle",Jul-11,"Page 116","Sides & Salads"
"Halloumi, walnut & frisee lettuce salad with nigella seed vinaigrette",Jul-11,"Page 19","Sides & Salads"
"Herb roasted new potatoes",Jul-11,"Page 102","Sides & Salads"
"Lighter chicken caesar",Jul-11,"Page 59","Sides & Salads"
"Mediterranean salad",Jul-11,"Page 59","Sides & Salads"
"Mexican chopped salad",Jul-11,"Page 106","Sides & Salads"
"New potato & sundried tomato salad",Jul-11,"Page 120","Sides & Salads"
"Salad Lyonnaise",Jul-11,"Page 122","Sides & Salads"
"Salsa verde",Jul-11,"Page 84","Sides & Salads"
"Simple mashed  black beans",Jul-11,"Page 106","Sides & Salads"
"Sizzled onions & peppers",Jul-11,"Page 107","Sides & Salads"
"Spinach with raisins, pine nuts & breadcrumbs",Jul-11,"Page 41","Sides & Salads"
"Tapenade twists",Jul-11,"Page 102","Sides & Salads"
"Tomato & melon salad",Jul-11,"Page 120","Sides & Salads"
"Tomato, watermelon, & feta salad with mint dressing",Jul-11,"Page 41","Sides & Salads"
"Zingy salmon & brown rice salad",Jul-11,"Page 26","Sides & Salads"
"Antipasti peach platter",Aug-11,"Page 86","Sides & Salads"
"Bonbay potato & spinach pies",Aug-11,"Page 111","Sides & Salads"
"Choriz & soft-boiled egg salad",Aug-11,"Page 23","Sides & Salads"
"Chunky barbecue potato slices",Aug-11,"Page 88","Sides & Salads"
"Crostini with pea puree, rocket & braod beans",Aug-11,"Page 9","Sides & Salads"
"Cucumber & coriander G&T",Aug-11,"Page 146","Sides & Salads"
"healthy barbecues chili duck & pineapple salad",Aug-11,"Page 102","Sides & Salads"
"Hot chicken salad with sweet mustard dressing",Aug-11,"Page 135","Sides & Salads"
"Italian bean & olive salad",Aug-11,"Page 88","Sides & Salads"
"Japanese salad with ginger soy dressing",Aug-11,"Page 64","Sides & Salads"
"Lemongrass braised cherry tomtatoes",Aug-11,"Page 18","Sides & Salads"
"Mediterranean fig & mozarella salad",Aug-11,"Page 64","Sides & Salads"
"Mini vegetable frittats",Aug-11,"Page 118","Sides & Salads"
"Nectarine salad with goat's cheese toasts",Aug-11,"Page 57","Sides & Salads"
"Open prawn cocktail sandwich",Aug-11,"Page 46","Sides & Salads"
"Prawn bruschetta skewers",Aug-11,"Page 86","Sides & Salads"
"Spiced chili popcorn",Aug-11,"Page 46","Sides & Salads"
"Vietnamese prawn & noodle salad with crispy shallots",Aug-11,"Page 64","Sides & Salads"
