"Cajun turkey steaks with pineapple salsa",Feb-10,"Page 26","Poultry & Game",,
"Chicken Curry",Feb-10,"Page 129","Poultry & Game",,
"Chicken Laksa",Feb-10,"Page 13","Poultry & Game",,
"Chicken, lentil & sweetcorn chowder",Feb-10,"Page 25","Poultry & Game",,,
"Chicken Noodle Broth",Feb-10,"Page 17","Poultry & Game",,
"Ginger & Lime chicken with sweet potato mash",Feb-10,"Page 27","Poultry & Game",,
"Homemade chicken nachos",Feb-10,"Page 44","Poultry & Game",,
"Mango chicken with spiced pilau",Feb-10,"P"Poultry & Game",,age 24","Poultry & Game",,
"Pan-roasted loin venison with Rosti potato",Feb-10,"Page 135","Poultry & Game",,
"Pot-roasted pheasant",Feb-10,"Page 106","Poultry & Game",,
"Roast chicken with salsa & garlic mash",Feb-10,"Page 78","Poultry & Game",,
"Roasted duck breast with plum sauce",Feb-10,"Page 83","Poultry & Game",,
"Spice-crusted rice with Morroccan chicken",Feb-10,"Page 135","Poultry & Game",,
"Warm chicken & chicory salad",Feb-10,"Page 58","Poultry & Game",,
"Cheesy chicken bake ",Apr-10,"Page 30","Poultry & Game",,
"Grilled spiced chicken",Apr-10,"Page 36","Poultry & Game",,
"Herb roast chicken",Apr-10,"Page 104","Poultry & Game",,
"Roast & marinated quail",Apr-10,"Page 122","Poultry & Game",,
"Roasted spiced duck & plum sauce",Apr-10,"Page 145","Poultry & Game",,
"Spanish beans with chicken & chorizo",Apr-10,"Page 64","Poultry & Game",,
"Yogurt & almond chicken curry",Apr-10,"Page 120","Poultry & Game",,
"Cheat's chicken kiev",May-10,"Page 30","Poultry & Game",,
"Chicken & sweetcorn pie",May-10,"Page 53","Poultry & Game",,
"Crunchy & creamy pasta bake",May-10,"Page 30","Poultry & Game",,
"Crunchy sesame chicken wings",May-10,"Page 18","Poultry & Game",,
"Leek & fennel roast chicken",May-10,"Page 149","Poultry & Game",,
"Roast chicken with whole garlic, bay & white wine",May-10,"Page 64","Poultry & Game",,
"Salt & pepper quails",May-10,"Page 104","Poultry & Game",,
"Chicken kebabs",May-10,"Page 108","Poultry & Game",,
"Sticky tamari & honey chicken thighs",May-10,"Page 12","Poultry & Game",,
"Sweet & sticky chicken noodles",May-10,"Page 54","Poultry & Game",,
"All in one chicken",Jun-10,"Page 60","Poultry & Game",,
"Cajun turkey wraps with sweetcorn salsa",Jun-10,"Page 28","Poultry & Game",,
"French style chicken with peas & bacon",Jun-10,"Page 35","Poultry & Game",,
"Honey slow roasted duck",Jun-10,"Page 138","Poultry & Game",,
"Lemon & thyme turkey burgers",Jun-10,"Page 52","Poultry & Game",,
"Lime & pepper chicken wraps",Jun-10,"Page 20","Poultry & Game",,
"Mexican chicken stew",Jun-10,"Page 40","Poultry & Game",,
"Rosemary chicken with oven baked ratatouille",Jun-10,"Page 31","Poultry & Game",,
"Spiced chicken & salad burrito",Jun-10,"Page 146","Poultry & Game",,
"Southern fried chicken",Jun-10,"Page 104","Poultry & Game",,
"Coronation chicken",Jun-10,"Page 120","Poultry & Game",,
"Turkey meatball korma",Jun-10,"Page 39","Poultry & Game",,
"Chicken masala skewers",Jul-10,"Page 42","Poultry & Game",,
"Chicken wings with cumin.lemon & garlic",Jul-10,"Page 96","Poultry & Game",,
"Grilled marinated poussin  ",Jul-10,"Page 153","Poultry & Game",,
"Honeyed sesame chicken with peach & cucumber salad",Jul-10,"Page 138","Poultry & Game",,
"Paprika chicken ciabattas",Jul-10,"Page 27","Poultry & Game",,
"Roast chicken vinaigrette",Jul-10,"Page 108","Poultry & Game",,
"Summer chicken & basil stew",Jul-10,"Page 36","Poultry & Game",,
"Wild rabbit & leek turnovers with picallili",Jul-10,"Page 146","Poultry & Game",,
"BBQ chicken burgers",Aug-10,"Page 49","Poultry & Game",,
"Chiaquilles in mulato chilli sauce",Aug-10,"Page 14","Poultry & Game",,
"Chicken kievs",Aug-10,"Page 38","Poultry & Game",,
"Chicken paprikas & herby polenta",Aug-10,"Page 143","Poultry & Game",,
"Chicken tagine with preserved lemons & olives",Aug-10,"Page 143","Poultry & Game",,
"Chilli chicken with coriander",Aug-10,"Page 146","Poultry & Game",,
"Duck ramen noodles",Aug-10,"Page 145","Poultry & Game",,
"Herby lemon chicken with tuscan beans",Aug-10,"Page 98","Poultry & Game",,
"Satay chicken pieces",Aug-10,"Page 92","Poultry & Game",,
"Chicken & vegetable stew with wholemeal couscous",Sep-10,"Page 39","Poultry & Game",,
"Chicken pot pie",Sep-10,"Page 143","Poultry & Game",,
"Chicken, potato & green bean curry",Sep-10,"Page 26","Poultry & Game",,
"Chicken salad with crisp bacon",Sep-10,"Page 112","Poultry & Game",,
"Chicken with pesto, Taleggio & roasted tomatoes",Sep-10,"Page 14","Poultry & Game",,
"Chipotle chicken",Sep-10,"Page 9","Poultry & Game",,
"Jerk chicken",Sep-10,"Page 62","Poultry & Game",,
"One-pot chicken & bacon stew",Sep-10,"Page 43","Poultry & Game",,
"Roast wood pigeon salad with pears, hazelnuts, chicory & gin vinaigrette",Sep-10,"Page 140","Poultry & Game",,
"Summer chicken one-pot",Sep-10,"Page 24","Poultry & Game",,
"Turkey & pepper pittas",Sep-10,"Page 38","Poultry & Game",,
"BBQ chicken with corn rice",Oct-10,"Page 34","Poultry & Game",,
"Caesar turkey burgersw",Oct-10,"Page 41","Poultry & Game",,
"Chicken and leek pies",Oct-10,"Page 38","Poultry & Game",,
"Chicken curry",Oct-10,"Page 46","Poultry & Game",,
"Chicken pie with a carrot thatch",Oct-10,"Page 52","Poultry & Game",,
"Chicken tikka masala",Oct-10,"Page 130","Poultry & Game",,
"Chicken with roasted roots",Oct-10,"Page 47","Poultry & Game",,
"Chinese roast duck with pancakes",Oct-10,"Page 114","Poultry & Game",,
"Creamy pesto chicken",Oct-10,"Page 34","Poultry & Game",,
"Duck & spring onion noodles",Oct-10,"Page 118","Poultry & Game",,
"Mediterranean chicken",Oct-10,"Page 47","Poultry & Game",,
"Moroccan  chicken with sweet potato mash",Oct-10,"Page 28","Poultry & Game",,
"One-pan roast dinner",Oct-10,"Page 47","Poultry & Game",,
"Pheasant, leek & bacon pie",Oct-10,"Page 82","Poultry & Game",,
"Rabbit cacciatore",Oct-10,"Page 82","Poultry & Game",,
"Spiced roast chkcen",Oct-10,"Page 47","Poultry & Game",,
"Venison steak with Port sauce",Oct-10,"Page 82","Poultry & Game",,
"Butter-roasted supreme of chicken with wild mushroom & potato gratin",Dec-10,"Page 112","Poultry & Game",,
"Goose & mustard fruits with Marsala sauce",Dec-10,"Page 74","Poultry & Game",,
"Honey-mustard glazed duck",Dec-10,"Page 98","Poultry & Game",,
"Mini turkey & cranberry pies",Dec-10,"Page 194","Poultry & Game",,
"Roasted poussins with bulghar stuffing & pistachio & orange blossom glaze",Dec-10,"Page 78","Poultry & Game",,
"Roast loin of venison with candied vegetables & truffle celeriac puree",Dec-10,"Page 201","Poultry & Game",,
"Roast turkey with citrus butter",Dec-10,"Page 36","Poultry & Game",,
"Speedy spicy turkey rice",Dec-10,"Page 194","Poultry & Game",,
"Braised chicken wings with seared scallops & hazelnuts",Jan-11,"Page 116","Poultry & Game",,
"Chicken & almond bastilla",Jan-11,"Page 80","Poultry & Game",,
"Creamy ham & mustard chicken",Jan-11,"Page 40","Poultry & Game",,
"Garlicy venison with grilled pears",Jan-11,"Page 119","Poultry & Game",,
"Poule au pot with stuffing balls & garlic cream",Jan-11,"Page 72","Poultry & Game",,
"Festive duck breast with lemon & thyme polenta",Jan-11,"Page 121","Poultry & Game",,
"Roasted pigeon, pommes mousseline, pancetta with peas",Jan-11,"Page 122","Poultry & Game",,
"Chicken & bacon cacciatore",Mar-11,"Page 106","Poultry & Game",,
"Chicken with sweet wine & garlic",Mar-11,"Page 15","Poultry & Game",,
"Harissa chicken & couscous",Mar-11,"Page 33","Poultry & Game",,
"Honey, mustard & crÃ¨me fraiche baked chicken",Mar-11,"Page 22","Poultry & Game",,
"Indian wings",Mar-11,"Page 26","Poultry & Game",,
"Pot-roast guinea fowl with cabbage & bacon",Mar-11,"Page 61","Poultry & Game",,
"Sweet & sticky wings with classic slaw",Mar-11,"Page 26","Poultry & Game",,
"Bang bang sesame chicken",Apr-11,"Page 30","Poultry & Game",,
"Cajun turkey burgers",Apr-11,"Page 30","Poultry & Game",,
"Chicken & chorizo jambalaya",Apr-11,"Page 30","Poultry & Game",,
"Chicken & biryani bake",Apr-11,"Page 136","Poultry & Game",,
"Chicken braised with fennel & brandy",Apr-11,"Page 18","Poultry & Game",,
"Chicken caesar wraps",Apr-11,"Page 32","Poultry & Game",,
"Chicken fajitas",Apr-11,"Page 30","Poultry & Game",,
"Chicken with greens & tarragon",Apr-11,"Page 28","Poultry & Game",,
"Coronation pies",Apr-11,"Page 124","Poultry & Game",,
"Lilli's chicken kiev with cucumber & spring onion salad",Apr-11,"Page 153","Poultry & Game",,
"Mexican turkey salad bowl",Apr-11,"Page 32","Poultry & Game",,
"Oriental duck salad",Apr-11,"Page 38","Poultry & Game",,
"Spicy cajun chicken quinoa",Apr-11,"Page 50","Poultry & Game",,
"Sticky lime roast chicken",Apr-11,"Page 114","Poultry & Game",,
"Sweet & sour chicken & veg",Apr-11,"Page 40","Poultry & Game",,
"Aztec Molcajete",May-11,"Page 144","Poultry & Game",,
"Chicken & mushroom chow mein",May-11,"Page 147","Poultry & Game",,
"Chicken parmigiana",May-11,"Page 24","Poultry & Game",,
"Curry spiced chicken with a tartare of peas",May-11,"Page 62","Poultry & Game",,
"Lemony turkey kebabs",May-11,"Page 50","Poultry & Game",,
"Pan roasted duck with carrot & plum puree",May-11,"Page 143","Poultry & Game",,
"Satay skewers",May-11,"Page 55","Poultry & Game",,
"Tarragon chicken with celeriac mash",May-11,"Page 51","Poultry & Game",,
"Turkey burgers",May-11,"Page 30","Poultry & Game",,
"Turkey laksa",May-11,"Page 55","Poultry & Game",,
"BBQ Chicken Drumsticks",Jun-11,"Page 28","Poultry & Game",,
"Chicken breast with avocado salad",Jun-11,"Page 52","Poultry & Game",,
"Chicken stuffed with mascarpone",Jun-11,"Page 32","Poultry & Game",,
"Chicken, sweetcorn & noodle soup",Jun-11,"Page 118","Poultry & Game",,
"Chicken with artichokes, onions, potatoes & rosemary",Jun-11,"Page 141","Poultry & Game",,
"Chicken with lemons, sumac & spiced yogurt",Jun-11,"Page 110","Poultry & Game",,
"Summer chicken one-pot",Jun-11,"Page 26","Poultry & Game",,
"Thai sticky chicken & ribs",Jun-11,"Page 94","Poultry & Game",,
"Chicken & ham sandwich pies",Jul-11,"Page 79","Poultry & Game",,
"Harissa chicken with ckickpeas salad",Jul-11,"Page 24","Poultry & Game",,
"Jerk chicken kebabs with mango salsa",Jul-11,"Page 47","Poultry & Game",,
"Lemon, broccoli & sesame roast chicken",Jul-11,"Page 38","Poultry & Game",,
"Moroccan turkey jackets",Jul-11,"Page 30","Poultry & Game",,
"Morrocan turkey meatballs with citrus couscous",Jul-11,"Page 30","Poultry & Game",,
"One-pan roast chicken & potatoes",Jul-11,"Page 76","Poultry & Game",,
"Spatchcocked chicken with soft cheese & basil",Jul-11,"Page 102","Poultry & Game",,
"Sweet & sour chicken skewers",Jul-11,"Page  26","Poultry & Game",,
"Swwet & spicy wings with a summer slaw",Jul-11,"Page 29","Poultry & Game",,
"Chicken & pasta salad",Aug-11,"Page 26","Poultry & Game",,
"Chicken with crispy param ham",Aug-11,"Page 27","Poultry & Game",,
"Coq au vin",Aug-11,"Page 135","Poultry & Game",,
"Fruity couscous & spiced quail",Aug-11,"Page 65","Poultry & Game",,
"Red rice & chicken salad with pomegranate & feta",Aug-11,"Page 66","Poultry & Game",,
"squash, chicken & couscous one-pot",Aug-11,"Page 48","Poultry & Game",,
"Beef & Onion Pie",Feb-10,"Page 136","Meat",,
"Creamy Ham, Leek & Mushroom Spaghetti",Feb-10,"Page 26","Meat",,
"Curried mutton with rice & peas",Feb-10,"Page 128","Meat",,
"Fruity Pork Steaks",Feb-10,"Page 22","Meat",,
"Honey & Sesame Beef noodles",Feb-10,"Page 28","Meat",,
"Lamb casserole with mint",Feb-10,"Page 88","Meat",,
"Pork tenderloin with chipotle sauce",Feb-10,"Page 43","Meat",,
"Proper beef, ale & mushroom pie",Feb-10,"Page 98","Meat",,
"Ossobuco with risotto",Feb-10,"Page 88","Meat",,
"Roast leg lamb with juniper & rosemary",Feb-10,"Page 92","Meat",,
"Slow roasted pork belly & chicory",Feb-10,"Page 59","Meat",,
"Sticky pineapple pork",Feb-10,"Page 22","Meat",,
"Sticky thyme & mustard bacon chops",Feb-10,"Page 66","Meat",,
"Beef, cheese & broad bean quesadillas",Apr-10,"Page 30","Meat",,
"Beef massaman curry",Apr-10,"Page 118","Meat",,
"Boston Baked beans",Apr-10,"Page 61","Meat",,
"Cheesy cauliflower & bacon gratin",Apr-10,"Page 67","Meat",,
"Creamy leek risotto with bacon",Apr-10,"Page 355","Meat",,
"Pandhai curry with apple & fennel raita",Apr-10,"Page 147","Meat",,
"Quick sausage stew",Apr-10,"Page 29","Meat",,
"Red pepper, ham & cheese tart",Apr-10,"Page 36","Meat",,
"Rib of beef with carrot & anise puree, braised shallots",Apr-10,"Page 151","Meat",,
"Roast lamb studded with rosemary & garlic",Apr-10,"Page 96","Meat",,
"Serrano ham, olive, feta & rocket platter",Apr-10,"Page 96","Meat",,
"Breadcrumb pork with grilled aubergine",May-10,"Page 44","Meat",,
"Caramalised red onion prosciutto & mushroom tart",May-10,"Page 113","Meat",,
"Chinese braised pork with spring onions",May-10,"Page 69","Meat",,
"Creamy sausage & rocket linguine",May-10,"Page 32","Meat",,
"Ham & ricotta pizza",May-10,"Page 30","Meat",,
"Ham, pea & mint pasties",May-10,"Page 62","Meat",,
"Harissa lamb & pepper kebabs",May-10,"Page 34","Meat",,
"Hummus",May-10,"Page 108","Meat",,
"Keema with peas",May-10,"Page 61","Meat",,
"Lamb & potato bake",May-10,"Page 28","Meat",,
"Lamb, potato & pea curry",May-10,"Page 28","Meat",,
"Potato bravas with choritzo",May-10,"Page 60","Meat",,
"Roasted Old Spot pork loin on creamed leeks",May-10,"Page 150","Meat",,
"Rump of lamb, kidney, shallot puree",May-10,"Page 120","Meat",,
"Spaghetti & meatballs",May-10,"Page 39","Meat",,
"Beaten loin of pork with artichoke & courgettes",Jun-10,"Page 114","Meat",,
"Best chorizo & tomato salad in the world",Jun-10,"Page 67","Meat",,
"Green bean minestrone",Jun-10,"Page 61","Meat",,
"Hotdogs with sticky roasted onions",Jun-10,"Page 106","Meat",,
"Lamb fricassee",Jun-10,"Page 68","Meat",,
"Spiced barbecued lamb",Jun-10,"Page 94","Meat",,
"Italian meatloaf",Jun-10,"Page 52","Meat",,
"Italian pork patties",Jun-10,"Page 29","Meat",,
"Italian toasties",Jun-10,"Page 29","Meat",,
"Lamb chops with almond pesto",Jun-10,"Page 143","Meat",,
"Mainated lamb steaks",Jun-10,"Page 38","Meat",,
"Minestrone soup",Jun-10,"Page 143","Meat",,
"Moroccan kofte with spicy tomato sauce",Jun-10,"Page 50","Meat",,
"Pan fried veal fillet with wild mushrooms, asparagus & wild garlic",Jun-10,"Page 112","Meat",,
"Pitta pizza",Jun-10,"Page 33","Meat",,
"Roast hogget",Jun-10,"Page 86","Meat",,
"Greek style lamb with thyme & lemon",Jul-10,"Page 100","Meat",,
"Lemon & rosemary pork with chickpea salad",Jul-10,"Page 39","Meat",,
"Mini swedish meatballs with cranberry sauce",Jul-10,"Page 96","Meat",,
"Miso steak",Jul-10,"Page 11","Meat",,
"Picnic pie",Jul-10,"Page 52","Meat",,
"Pork meatballs in red pepper sauce",Jul-10,"Page 31","Meat",,
"Sausage & courgette kebabs ",Jul-10,"Page 59","Meat",,
"Seared steak with chimichurri sauce",Jul-10,"Page 112","Meat",,
"Sticky pork & radish noodles",Jul-10,"Page 28","Meat",,
"Sticky sausage wraps",Jul-10,"Page 21","Meat",,
"Summer lamb with fennel & carrot salad",Jul-10,"Page 355","Meat",,
"Tartines with blue cheese fig & ham",Jul-10,"Page 97","Meat",,
"Three-hour shoulder of lamb",Jul-10,"Page 108","Meat",,
"Balsamic roasted sausages with red veg",Aug-10,"Page 35","Meat",,
"Cheats carbonara",Aug-10,"Page 28","Meat",,
"Cold meatloaf with squashed tomato salsa",Aug-10,"Page 96","Meat",,
"Corn & ham chowder",Aug-10,"Page 28","Meat",,
"Courgette, ham & ricotta tarts",Aug-10,"Page 28","Meat",,
"Creamy linguine with ham, lemon & basil",Aug-10,"Page 118","Meat",,
"Imam baylidi with BBQ lamb & tzatziki",Aug-10,"Page 65","Meat",,
"Lamb & apricot burgers",Aug-10,"Page 28","Meat",,
"Lamb & apricot meatballs",Aug-10,"Page 28","Meat",,
"Mozarella & salami ciabatta",Aug-10,"Page 31","Meat",,
"Puff pizza tart",Aug-10,"Page 46","Meat",,
"Quiche larraine frittata",Aug-10,"Page 47","Meat",,
"Rack lamb with warm salad & mixed beans",Aug-10,"Page 124","Meat",,
"Slow roast pork with apples & peppers",Aug-10,"Page 100","Meat",,
"Sticky ribs with roast potato salad",Aug-10,"Page 44","Meat",,
"Tomato & chorizo acorda",Aug-10,"Page 143","Meat",,
"Baked polenta with chilli-roasted tomatoes & sausages",Sep-10,"Page 143","Meat",,
"Carne con chilli",Sep-10,"Page 64","Meat",,
"Chorizo with sweet potato & chickpea puree",Sep-10,"Page 33","Meat",,
"Classic Amatriciana bucatini",Sep-10,"Page 78","Meat",,
"Greek lamb with potatoes & olives",Sep-10,"Page 112","Meat",,
"Herb & lemon pork chops",Sep-10,"Page 90","Meat",,
"Maple-glazed hot dogs with mustardy onions",Sep-10,"Page 28","Meat",,
"Moroccan meatballs with eggs",Sep-10,"Page 112","Meat",,
"One-pot roast pork chops with fennel & potatoes",Sep-10,"Page 24","Meat",,
"Roast sirloin of beef & Port gravy",Sep-10,"Page 104","Meat",,
"Sausage rolls",Sep-10,"Page 48","Meat",,
"Smoky beef stew",Sep-10,"Page 48","Meat",,
"Spiced lamb & coconut pilaf",Sep-10,"Page 30","Meat",,
"Sweet potato, chickpea & choriz hash",Sep-10,"Page 33","Meat",,
"All-day breakfeast",Oct-10,"Page 46","Meat",,
"Big-batch Bolognese",Oct-10,"Page 47","Meat",,
"Bolognese bake",Oct-10,"Page 47","Meat",,
"Braised beef in honey & soy",Oct-10,"Page 126","Meat",,
"Cottage pie",Oct-10,"Page 43","Meat",,
"Croque Madame with spinach salad",Oct-10,"Page 32","Meat",,
"French onion sausage pot",Oct-10,"Page 33","Meat",,
"Indian lamb with spiced pumpkin pickle",Oct-10,"Page 59","Meat",,
"Lamb pilaf with with figs, pomegranate, feta & pistachios",Oct-10,"Page 16","Meat",,
"Lamb shanks braised in a yogurt sauce with basmati pilau withdill & cardamon",Oct-10,"Page 151","Meat",,
"Lamb with harissa sauce",Oct-10,"Page 28","Meat",,
"Moroccan mince",Oct-10,"Page 47","Meat",,
"Oven-cooked breakfeast frittata",Oct-10,"Page 46","Meat",,
"Pork & beef Bolognese",Oct-10,"Page 47","Meat",,
"Quick steak & mushroom stroganoff",Oct-10,"Page 39","Meat",,
"Red thai meatball curry",Oct-10,"Page 30","Meat",,
"Sausage & bean one-pot",Oct-10,"Page 33","Meat",,
"Spanish breakfeast",Oct-10,"Page 46","Meat",,
"Spice-roasted lamb chops on a sweet potato bubble & squeak cake",Oct-10,"Page 128","Meat",,
"Sticky spiced lamb shanks",Oct-10,"Page 112","Meat",,
"Three-hour pork belly",Oct-10,"Page 102","Meat",,
"Asian-marinated pork steaks with rice noodle salad",Dec-10,"Page 199","Meat",,
"Cornish pasties",Dec-10,"Page 202","Meat",,
"Extra special lamb biryani",Dec-10,"Page 81","Meat",,
"Ginger beer & tgangerine glazed ham",Dec-10,"Page 105","Meat",,
"Honey-mustard sausages with tomatoes & eggs",Dec-10,"Page 175 ","Meat",,
"Pizza rustica all'Inglese",Dec-10,"Page 72","Meat",,
"Roast fore rib of beef with beetroot & horseradish",Dec-10,"Page 85","Meat",,
"Roast pork with apple sauce",Dec-10,"Page 131","Meat",,
"Slow roast shoulder of lamb with roasted garlic & flageolet beans",Dec-10,"Page 205","Meat",,
"Spiced Chinese pork with spring onions &bok choi",Dec-10,"Page 76","Meat",,
"Bacon & egg tart",Jan-11,"Page 84","Meat",,
"Beef stew with horseradish dumplings",Jan-11,"Page 55","Meat",,
"Big ham salad",Jan-11,"Page 26","Meat",,
"Bolognese bake",Jan-11,"Page 23","Meat",,
"Easy beef with horseradish",Jan-11,"Page 27","Meat",,
"Lamb tagine with quail's eggs",Jan-11,"Page 78","Meat",,
"Lamb with thyme roasted potatoes",Jan-11,"Page 56","Meat",,
"Pistachio & cranberry pork pie",Jan-11,"Page 50","Meat",,
"Pork schnitzel",Jan-11,"Page 32","Meat",,
"Saddle of hogget with dauphinoise potatoes",Jan-11,"Page 116","Meat",,
"Sausage, apple & leek pie",Jan-11,"Page 28","Meat",,
"Spicy mini meatloaves",Jan-11,"Page 40","Meat",,
"Split pea & green pea smoked ham soup",Jan-11,"Page 53","Meat",,
"Sticky pork with cranberries",Jan-11,"Page 27","Meat",,
"Tandori lamb skewers",Jan-11,"Page 32","Meat",,
"Bean & pasta stew with meatballs",Mar-11,"Page 42","Meat",,
"Cabbage & pork empanadas",Mar-11,"Page 63","Meat",,
"Cavolo nerao & pancetta tart",Mar-11,"Page 64","Meat",,
"Cheeseburgers",Mar-11,"Page 106","Meat",,
"Cornmeal pancakes with spiced pork & avocado salsa",Mar-11,"Page 98","Meat",,
"Crispy mongolian lamb",Mar-11,"Page 116","Meat",,
"Croque Madame",Mar-11,"Page 22","Meat",,
"Egg-free cheese & bacon quiche",Mar-11,"Page 54","Meat",,
"Greek lamb tray bake",Mar-11,"Page 42","Meat",,
"Grilled pork with lemon & thyme barley",Mar-11,"Page 47","Meat",,
"Minced beef wellington",Mar-11,"Page 118","Meat",,
"Naan bread pizza",Mar-11,"Page 28","Meat",,
"Oven-baked leek & bacon risotto",Mar-11,"Page 42","Meat",,
"Pizza frittata",Mar-11,"Page 33","Meat",,
"Pork & noodle stir-fry",Mar-11,"Page 24","Meat",,
"Quick italian toastie",Mar-11,"Page 22","Meat",,
"Quick sausage subs",Mar-11,"Page 28","Meat",,
"Ricotta, proscuitto & pesto pizza",Mar-11,"Page 102","Meat",,
"Roast pork belly with two sauces",Mar-11,"Page 72","Meat",,
"Roast rack of lamb in irish stew consomme",Mar-11,"Page 134","Meat",,
"Sausage casserole",Mar-11,"Page 28","Meat",,
"Sausage meatballs wraps",Mar-11,"Page 28","Meat",,
"Ultimate Shepherd's pie",Mar-11,"Page 50","Meat",,
"Wild boar sausages with red onion & rustic mash",Mar-11,"Page 133","Meat",,
"Bacon, spinach & gorgonzola pasta",Apr-11,"Page 40","Meat",,
"Beef with peppercorn sauce & saute potatoes",Apr-11,"Page 32","Meat",,
"Chilli bean bake with soured cream mash",Apr-11,"Page 136","Meat",,
"Country terrine",Apr-11,"Page 138","Meat",,
"Garlic & herb roast lamb on boulangere potatoes",Apr-11,"Page 120","Meat",,
"Ham, artichoke & basil risotto",Apr-11,"Page 53","Meat",,
"Hotdog pasties with sticky onions",Apr-11,"Page 33","Meat",,
"Lentil & lamb moussaka",Apr-11,"Page 40","Meat",,
"Meatballs with spaghetti",Apr-11,"Page 74","Meat",,
"Mediterranean vegetables with lamb",Apr-11,"Page 52","Meat",,
"Mini sausage croissants",Apr-11,"Page 124","Meat",,
"Pesto, ham & rocket pizza",Apr-11,"Page 32","Meat",,
"Pork chop with asparagus, piquillo peppers & potatoes",Apr-11,"Page 160","Meat",,
"Sirloin with spiced butter, shallot salad & roasted carrot",Apr-11,"Page 130","Meat",,
"Gammon, egg & chips",May-11,"Page 26","Meat",,
"Lentil & sausage casserole",May-11,"Page 52","Meat",,
"Ham & red onion salad",May-11,"Page 66","Meat",,
"Bacon & eggs on toast",May-11,"Page 42","Meat",,
"Braised shoulder of lamb ",May-11,"Page 109","Meat",,
"Honey & za'atar-glazed spring lamb with garlic puree",May-11,"Page 144","Meat",,
"Indian minced lamb skewers",May-11,"Page 30","Meat",,
"Jamie's jerk lamb",May-11,"Page 80","Meat",,
"John Torode's big burger",May-11,"Page 98","Meat",,
"Meatballs",May-11,"Page 28","Meat",,
"Minced lamb filo tarts",May-11,"Page 11","Meat",,
"Mini prosciutto & asparagus frittatas",May-11,"Page 147","Meat",,
"Mozzarella & chilli meatballs calzone",May-11,"Page 30","Meat",,
"Mushroom & sausage pasta",May-11,"Page 27","Meat",,
"Pesto, mozzarella & parma ham calzone",May-11,"Page 30","Meat",,
"Rabbit with mustard & bacon",May-11,"Page 128","Meat",,
"Roast loin of pork with sage & onion",May-11,"Page 118","Meat",,
"Roasted sirloin of beef with salsa verde",May-11,"Page 100","Meat",,
"Stir-fied lamb with peppers",May-11,"Page 50","Meat",,
"Sauasage, bean & cheese pasties",May-11,"Page 114","Meat",,
"Bacon wrapped chicken drumsticks",Jun-11,"Page 70","Meat",,
"Baked courgettes stuffed with spiced lamb & tomato sauce",Jun-11,"Page 67","Meat",,
"Beef cannelloni",Jun-11,"Page 118","Meat",,
"Beef schnitzel",Jun-11,"Page 45","Meat",,
"Cheese & ham quesadillas",Jun-11,"Page 47","Meat",,
"Club sandwich",Jun-11,"Page 30","Meat",,
"Courgette, lemon & chilli tagliatlle",Jun-11,"Page 38","Meat",,
"Jamie's flash steak",Jun-11,"Page 76","Meat",,
"Lamb chops with red pepper & mint salsa",Jun-11,"Page 91","Meat",,
"Mini pork pies",Jun-11,"Page 70","Meat",,
"Paprika glazed ribs with spicy slaw",Jun-11,"Page 143","Meat",,
"Parsee-styled lamb cutlets with tomato gravy",Jun-11,"Page 146","Meat",,
"Pork & sage sausage rolls",Jun-11,"Page 154","Meat",,
"Sausage with quick onion gravy",Jun-11,"Page 26","Meat",,
"Sticky sausage baguettes",Jun-11,"Page 26","Meat",,
"The ultimate burger",Jun-11,"Page 56","Meat",,
"Veal chops with sage & creamy squash polenta",Jun-11,"Page 114","Meat",,
"Beef & black been skewers",Jul-11,"Page 26","Meat",,
"Barbecue lamb & courgette salad",Jul-11,"Page 76","Meat",,
"Barbecued lamb with mint dressing",Jul-11,"Page 120","Meat",,
"Barbecued fajita steak",Jul-11,"Page 106","Meat",,
"Barbecued lamb cutlets with aioli",Jul-11,"Page 110","Meat",,
"Barbecued sticky Chinese pork chops",Jul-11,"Page 74","Meat",,
"Fettucine with beans & pancetta",Jul-11,"Page 94","Meat",,
"Five-spice beef & sugar snap noodles",Jul-11,"Page 34","Meat",,
"Indian spiced Shepherd's pie",Jul-11,"Page 28","Meat",,
"Macaroni 4 cheese with bacon & tomatoes",Jul-11,"Page 139","Meat",,
"Moroccan style barbecued leg of lamb",Jul-11,"Page 15","Meat",,
"Rosemary & garlic lamb burgers",Jul-11,"Page 116","Meat",,
"Scotch eggs",Jul-11,"Page 112","Meat",,
"Serrano ham & chicken croquettes",Jul-11,"Page 111","Meat",,
"The ultimate makeover sausage rolls",Jul-11,"Page 54","Meat",,
"Chorizo & fried egg wraps",Aug-11,"Page 37","Meat",,
"Chorizo, Caper & rocket pizza",Aug-11,"Page 37","Meat",,
"Chorizo rolls",Aug-11,"Page 102","Meat",,
"Frazzled chorizo & rocket linguine",Aug-11,"Page 37","Meat",,
"Fruity lamb kebabs with chili mayo",Aug-11,"Page 26","Meat",,
"Griddled steak sandwich with olive & caper butter",Aug-11,"Page 28","Meat",,
"Ham & asparagus toad-in-the-hole",Aug-11,"Page 24","Meat",,
"Lamb & potato bake",Aug-11,"Page 78","Meat",,
"Lamb steaks with artichoke salad",Aug-11,"Page 28","Meat",,
"Lavender roast leg of lamb kebabs ",Aug-11,"Page 76","Meat",,
"Lemon & rosemary lamb kebabswith tahini aubergines",Aug-11,"Page 78","Meat",,
"Morrocan-flavoured pasties",Aug-11,"Page 107","Meat",,
"My BBQ ribs",Aug-11,"Page 116","Meat",,
"Pat's pork & apricot picnic pies",Aug-11,"Page 120","Meat",,
"Skinny pepper, tomato & ham omelette",Aug-11,"Page 44","Meat",,
"Small, spicy Moorish kebabs",Aug-11,"Page 93","Meat",,
"Stuffed pork medallions",Aug-11,"Page 88","Meat",,
"Surf & turf",Aug-11,"Page 29","Meat",,
"Texas barbecue brisket",Aug-11,"Page 98","Meat",,
"Thyme & onion burgers",Aug-11,"Page 117","Meat",,
"Buttered Spinach",Feb-10,"Page 83","Sides & Salads",,
"Cabbage with Bacon",Feb-10,"Page 94","Sides & Salads",,
"Carrot Puree",Feb-10,"Page 106","Sides & Salads",,
"Creamed Potato",Feb-10,"Page 83","Sides & Salads",,
"Potato Scones",Feb-10,"Page 52","Sides & Salads",,
"Sesame Chutney",Feb-10,"Page 129","Sides & Salads",,
"Texas cornbread",Feb-10,"Page 129","Sides & Salads",,
"Tomato essence",Feb-10,"Page 130","Sides & Salads",,
"Welsh onion cake",Feb-10,"Page 94","Sides & Salads",,
"Buttered Spinach with feta",Apr-10,"Page 53","Sides & Salads",,
"Carrot & Couscous salad",Apr-10,"Page 52","Sides & Salads",,
"Carrot & cumin salad",Apr-10,"Page 118","Sides & Salads",,
"Dauphinoise potatoes",Apr-10,"Page 97","Sides & Salads",,
"Half-steamed purple sprouting brocolli",Apr-10,"Page 112","Sides & Salads",,
"Herby brocolli",Apr-10,"Page 52","Sides & Salads",,
"Melty leeks in butter",Apr-10,"Page 97","Sides & Salads",,
"Mexican potaoes",Apr-10,"Page 53","Sides & Salads",,
"New potatoes 'Lyonnaise'",Apr-10,"Page 112","Sides & Salads",,
"Pea & Potato crush",Apr-10,"Page 53","Sides & Salads",,
"Roasted butternut squash",Apr-10,"Page 97","Sides & Salads",,
"Spiced tomato rice",Apr-10,"Page 52","Sides & Salads",,
"Arabic salad",May-10,"Page 106","Sides & Salads",,
"Beetroot, toasted almond & watercress salad",May-10,"Page 114","Sides & Salads",,
"Bulghar wheat, basil & pine nut salad",May-10,"Page 113","Sides & Salads",,
"Carrot, radish & chicory slaw",May-10,"Page 112","Sides & Salads",,
"Courgettes with crisp cheese crumbs",May-10,"Page 41","Sides & Salads",,
"Crunchy detox salad",May-10,"Page 44","Sides & Salads",,
"Fennel, red onion & cucumber salad",May-10,"Page 110","Sides & Salads",,
"Golden potatoes & onions",May-10,"Page 60","Sides & Salads",,
"Green salad with summer herb dressing",May-10,"Page 112","Sides & Salads",,
"Herby apricot quinoa",May-10,"Page 41","Sides & Salads",,
"Mediterranean pepper salad",May-10,"Page 109","Sides & Salads",,
"Perfect rice",May-10,"Page 104","Sides & Salads",,
"Pickled radish & cucumber salad",May-10,"Page 41","Sides & Salads",,
"Simple caesar salad",May-10,"Page 110","Sides & Salads",,
"Spiced chickpea dip",May-10,"Page 30","Sides & Salads",,
"Spinach & avocado salad with blue cheese",May-10,"Page 113","Sides & Salads",,
"Spring green fattoush",May-10,"Page 66","Sides & Salads",,
"Tartare potato salad",May-10,"Page 114","Sides & Salads",,
"Thai herb & bean salad",May-10,"Page 104","Sides & Salads",,
"Avocado cream",Jun-10,"Page 76","Sides & Salads",,
"Bacon potato salad",Jun-10,"Page 35","Sides & Salads",,
"Cheese & bacon tortilla pizza",Jun-10,"Page 35","Sides & Salads",,
"Chopped salad",Jun-10,"Page 94","Sides & Salads",,
"Green raita",Jun-10,"Page 94","Sides & Salads",,
"Lemony potato salad",Jun-10,"Page 94","Sides & Salads",,
"Paprika wedges",Jun-10,"Page 104","Sides & Salads",,
"Pickled red onions",Jun-10,"Page 84","Sides & Salads",,
"Ricotta toasts with rocket salsa",Jun-10,"Page 116","Sides & Salads",,
"Smoky aubergine dip",Jun-10,"Page 96","Sides & Salads",,
"Summer spice mix",Jun-10,"Page 110","Sides & Salads",,
"Warm bacon and mushroom salad",Jun-10,"Page 35","Sides & Salads",,
"Warm potato salad with caeser dressing",Jun-10,"Page 48","Sides & Salads",,
"Aubergine & pepper salad",Jul-10,"Page 100","Sides & Salads",,
"Avocado & chilli salad",Jul-10,"Page 50","Sides & Salads",,
"Avocado with lime",Jul-10,"Page 114","Sides & Salads",,
"Buttery baked corn",Jul-10,"Page 51","Sides & Salads",,
"Creamed cheese broad beans & garden peas",Jul-10,"Page 141","Sides & Salads",,
"Cucumber & fennel salad",Jul-10,"Page 51","Sides & Salads",,
"Cucumber salad with poppy seeds",Jul-10,"Page 96","Sides & Salads",,
"Feta bites",Jul-10,"Page 96","Sides & Salads",,
"Garlic & herb bulgur wheat",Jul-10,"Page 51","Sides & Salads",,
"Green salad with beans & walnut",Jul-10,"Page 97","Sides & Salads",,
"Hot paprika potatoes with garlic mayo",Jul-10,"Page 114","Sides & Salads",,
"Lemon & coriander houmous",Jul-10,"Page 56","Sides & Salads",,
"Orzo & mozarella salad",Jul-10,"Page 56","Sides & Salads",,
"Potato salad with bacon & mustard",Jul-10,"Page 100","Sides & Salads",,
"Roasted veg & couscous salad",Jul-10,"Page 56","Sides & Salads",,
"Spinach salad with honey dressing",Jul-10,"Page 114","Sides & Salads",,
"Red Pepper houmous",Jul-10,"Page 31","Sides & Salads",,
"Avacado salad",Aug-10,"Page 104","Sides & Salads",,
"Bean, chickpea & feta salad",Aug-10,"Page 27","Sides & Salads",,
"Big chicken & crouton salad",Aug-10,"Page 44","Sides & Salads",,
"Big egg, bacon and bean salad",Aug-10,"Page 94","Sides & Salads",,
"Chargrilled veg salad",Aug-10,"Page 64","Sides & Salads",,
"Chicken & olive caesar salad",Aug-10,"Page 26","Sides & Salads",,
"Chicken and salsa bean salad",Aug-10,"Page 27","Sides & Salads",,
"Minted courgette salad",Aug-10,"Page 116","Sides & Salads",,
"Miso brown rice & chicken salad",Aug-10,"Page 42","Sides & Salads",,
"Salmon with new potato, corn salad & basil dressing",Aug-10,"Page 40","Sides & Salads",,
"Steak salad with blue cheese vinaigrette",Aug-10,"Page 40","Sides & Salads",,
"Watermelon, prawn & avacado salad",Aug-10,"Page 61","Sides & Salads",,
"Carrot, olive & lemon couscous",Aug-10,"Page 104","Sides & Salads",,
"Celeriac & carrot remoulade",Aug-10,"Page 52","Sides & Salads",,
"Tangy roasted peppers",Aug-10,"Page 116","Sides & Salads",,
"Artichoke & olive dip",Sep-10,"Page 88","Sides & Salads",,
"Crispy garlic & rosemary potato slices",Sep-10,"Page 41","Sides & Salads",,
"Crushed saffron potatoes",Sep-10,"Page 94","Sides & Salads",,
"Dill cream",Sep-10,"Page 114","Sides & Salads",,
"Easy caponata",Sep-10,"Page 88","Sides & Salads",,
"Golden corn",Sep-10,"Page 28","Sides & Salads",,
"Green beans with coconut",Sep-10,"Page 94","Sides & Salads",,
"Grilled baby onions with cream & basil",Sep-10,"Page 106","Sides & Salads",,
"Harissa",Sep-10,"Page 62","Sides & Salads",,
"Herb salsa",Sep-10,"Page 114","Sides & Salads",,
"Homemade semi-dried tomatoes",Sep-10,"Page 45","Sides & Salads",,
"Horseradish cream",Sep-10,"Page 104","Sides & Salads",,
"Marinated aubergines & rocket salad",Sep-10,"Page 41","Sides & Salads",,
"Mini jacket potatoes",Sep-10,"Page 106","Sides & Salads",,
"Pimientoes de Padron",Sep-10,"Page 60","Sides & Salads",,
"Roasted tomatoes with peppers, garlic & thyme",Sep-10,"Page 45","Sides & Salads",,
"Roasted vine tomatoes",Sep-10,"Page 90","Sides & Salads",,
"Rocket, mint & broad bean salad",Sep-10,"Page 90","Sides & Salads",,
"Smashed bean dip",Sep-10,"Page 48","Sides & Salads",,
"Ten-minute stir-fry",Sep-10,"Page 41","Sides & Salads",,
"Tomato & mint salad",Sep-10,"Page 45","Sides & Salads",,
"Warm runner bean salad",Sep-10,"Page 106","Sides & Salads",,
"Autumn coleslaw",Oct-10,"Page 65","Sides & Salads",,
"Braised red cabbage with apple",Oct-10,"Page 102","Sides & Salads",,
"Colcannon",Oct-10,"Page 84","Sides & Salads",,
"Iced banana shake",Oct-10,"Page 48","Sides & Salads",,
"Jewelled rice",Oct-10,"Page 112","Sides & Salads",,
"Lemon & herb mascarpone sauce",Oct-10,"Page 35","Sides & Salads",,
"Pickled pear relish",Oct-10,"Page  66","Sides & Salads",,
"Potatoes cooked in bay-infused milk",Oct-10,"Page 102","Sides & Salads",,
"Radish & carrot salad",Oct-10,"Page 118","Sides & Salads",,
"Spring onion mash",Oct-10,"Page 126","Sides & Salads",,
"Bacon, sausage & prune rolls",Dec-10,"Page 39","Sides & Salads",,
"Ballymalloe cucumber pickle",Dec-10,"Page 128","Sides & Salads",,
"Buttered peas & leeks",Dec-10,"Page 48","Sides & Salads",,
"Carrot & star anise puree",Dec-10,"Page 48","Sides & Salads",,
"Chili & tangerine braised lentils",Dec-10,"Page 107","Sides & Salads",,
"Christmas slaw",Dec-10,"Page 183","Sides & Salads",,
"Chunky roast potatoes",Dec-10,"Page 44","Sides & Salads",,
"Cranberry & red wine sauce",Dec-10,"Page 42","Sides & Salads",,
"Creamy potato & shallot gratin",Dec-10,"Page 44","Sides & Salads",,
"Garlic rice",Dec-10,"Page 76","Sides & Salads",,
"Gravy for the Christmas turkey",Dec-10,"Page 40","Sides & Salads",,
"Horseradish sauce",Dec-10,"Page 128","Sides & Salads",,
"Make-ahead gravy",Dec-10,"Page 187","Sides & Salads",,
"Mashed parsnip & sprout colcannon",Dec-10,"Page 46","Sides & Salads",,
"Mixed greens with sesame",Dec-10,"Page 98","Sides & Salads",,
"Red cabbage with Bramley apple & walnuts",Dec-10,"Page 46","Sides & Salads",,
"Roasted beets with watercress & horseradish apple sauce",Dec-10,"Page 105","Sides & Salads",,
"Roasted cauliflower with garlic, bay & lemon",Dec-10,"Page 107","Sides & Salads",,
"Roasted Jerusalem artichokes",Dec-10,"Page 98","Sides & Salads",,
"Roasted root vegetables",Dec-10,"Page 48","Sides & Salads",,
"Roast garlic colcannon",Dec-10,"Page 131","Sides & Salads",,
"Sausages & cranberry stuffing",Dec-10,"Page 38","Sides & Salads",,
"Savoy cabbage with almonds",Dec-10,"Page 48","Sides & Salads",,
"Speedy horseradish apple sauce",Dec-10,"Page 105","Sides & Salads",,
"Sprouts with chestnuts & crisp pancetta",Dec-10,"Page 48","Sides & Salads",,
"Squashed baby potatoes with rosemary",Dec-10,"Page 44","Sides & Salads",,
"Sticky carrots with thyme & honey",Dec-10,"Page 46","Sides & Salads",,
"Swede & parsnip bake",Dec-10,"Page 46","Sides & Salads",,
"Sweet mustard & dill mayonnaise",Dec-10,"Page 128","Sides & Salads",,
"Traditional bread sauce",Dec-10,"Page 42","Sides & Salads",,
"Welsh rarebit puff pastries",Dec-10,"Page 205","Sides & Salads",,
"Wild rice, chestnut & squash stuffing",Dec-10,"Page 38","Sides & Salads",,
"Italian butter beans",Jan-11,"Page 37","Sides & Salads",,
"Roasted herby mushrooms",Jan-11,"Page 37","Sides & Salads",,
"Slow cooked red cabbage",Jan-11,"Page 120","Sides & Salads",,
"Spicy potatoes",Jan-11,"Page 37","Sides & Salads",,
"Sprouts with sesame & spring onions",Jan-11,"Page 66","Sides & Salads",,
"Cabbage with caraway",Mar-11,"Page 37","Sides & Salads",,
"Caramelised shallots",Mar-11,"Page 118","Sides & Salads",,
"Couscous with raisins, pine nuts & green olives",Mar-11,"Page 68","Sides & Salads",,
"Creamy mash",Mar-11,"Page 118","Sides & Salads",,
"Gujarati cabbage with coconut & potato",Mar-11,"Page 62","Sides & Salads",,
"Hot betroot salad",Mar-11,"Page 37","Sides & Salads",,
"Jacket potatoes with home-baked beans",Mar-11,"Page 48","Sides & Salads",,
"Marinated olives",Mar-11,"Page 102","Sides & Salads",,
"Mixed salad",Mar-11,"Page 102","Sides & Salads",,
"New potatoes with cornichons & creams",Mar-11,"Page 114","Sides & Salads",,
"Pear, walnut,& halloumi salad",Mar-11,"Page 135","Sides & Salads",,
"Roasted carrots",Mar-11,"Page 118","Sides & Salads",,
"Root vegetable mash",Mar-11,"Page 37","Sides & Salads",,
"Spiced cauliflower",Mar-11,"Page 53","Sides & Salads",,
"Stir-fried noodles",Mar-11,"Page 116","Sides & Salads",,
"Tomato salad",Mar-11,"Page 102","Sides & Salads",,
"Warm cauliflower salad",Mar-11,"Page 53","Sides & Salads",,
"Warm chicken liver salad",Mar-11,"Page 49","Sides & Salads",,
"Broccoli with fried onion & garlic",Apr-11,"Page 37","Sides & Salads",,
"Cheesy popcorn",Apr-11,"Page 44","Sides & Salads",,
"Honey glazed roast carrots",Apr-11,"Page 120","Sides & Salads",,
"Peas & beans with pancetta & mint",Apr-11,"Page 120","Sides & Salads",,
"Potato & radish salad",Apr-11,"Page 37","Sides & Salads",,
"Speedy guacamole with nachos",Apr-11,"Page 44","Sides & Salads",,
"Spinach & shallot salad",Apr-11,"Page 108","Sides & Salads",,
"Stir-fried greens in oyster sauce",Apr-11,"Page 115","Sides & Salads",,
"Stir-fried noodles & beansprouts",Apr-11,"Page 37","Sides & Salads",,
"Warm new potatoes with cured ham & chives",Apr-11,"Page 86","Sides & Salads",,
"Broad bean & courgette salad",May-11,"Page 71","Sides & Salads",,
"Brocolli & cauliflower cheese",May-11,"Page 118","Sides & Salads",,
"Brocolli with a crunch",May-11,"Page 108","Sides & Salads",,
"Butter braised peas, lettuce & mint",May-11,"Page 62","Sides & Salads",,
"Buttery couscous",May-11,"Page 78","Sides & Salads",,
"Cheese & onion rarebit",May-11,"Page 42","Sides & Salads",,
"Cider fondant potatoes",May-11,"Page 118","Sides & Salads",,
"Green beans with shallots",May-11,"Page 118","Sides & Salads",,
"Harissa sweet potato wedges",May-11,"Page 38","Sides & Salads",,
"New potato & frisee salad",May-11,"Page 100","Sides & Salads",,
"Potato & green bean salad",May-11,"Page 80","Sides & Salads",,
"Puy lentil, spiced roast carrot & feta salad",May-11,"Page 36","Sides & Salads",,
"Sesame grilled asparagus rafts",May-11,"Page 66","Sides & Salads",,
"Spinach & walnut salad with bue cheese dressing",May-11,"Page 38","Sides & Salads",,
"Stoved potatoes",May-11,"Page 108","Sides & Salads",,
"Warm salad of asparagus, bacon, duck egg & hazelnuts",May-11,"Page 108","Sides & Salads",,
"Yogurt & spice-crusted roast potatoes",May-11,"Page 104","Sides & Salads",,
"Cannellini bean, cherry tomato & red onion salad",Jun-11,"Page 43","Sides & Salads",,
"Corn with coriander butter",Jun-11,"Page 43","Sides & Salads",,
"Couscous with pine nuts, coriander & raisins",Jun-11,"Page 43","Sides & Salads",,
"Crab & asparagus salad with chilli & lime dressing",Jun-11,"Page 54","Sides & Salads",,
"Garden salad",Jun-11,"Page 91","Sides & Salads",,
"Green beans with shallots, garlic & toasted almonds",Jun-11,"Page 110","Sides & Salads",,
"Layered salad with Parmesan croutons",Jun-11,"Page 70","Sides & Salads",,
"Mint, lime & cucumber salad",Jun-11,"Page 94","Sides & Salads",,
"Pea & radish salad",Jun-11,"Page 114","Sides & Salads",,
"Roasted fennel with tomatoes olives & potatoes",Jun-11,"Page 91","Sides & Salads",,
"Roasted pepper, tuna & olive salad",Jun-11,"Page 38","Sides & Salads",,
"Salmon & soya bean salad",Jun-11,"Page 58","Sides & Salads",,
"Salsa picante",Jun-11,"Page 76","Sides & Salads",,
"Smashed rosemary potatoes",Jun-11,"Page 110","Sides & Salads",,
"A seasonal salad of butter beans, griddled courgettes, roast red peppers & chorizo",Jul-11,"Page 60","Sides & Salads",,
"Beef & rocket salad",Jul-11,"Page 59","Sides & Salads",,
"Broad beans & peas with mint butter",Jul-11,"Page 102","Sides & Salads",,
"Carrot & sugar snap salad",Jul-11,"Page 41","Sides & Salads",,
"Creamy bean dip",Jul-11,"Page 26","Sides & Salads",,
"Crisp salad with a creamy vinaigrette",Jul-11,"Page 108","Sides & Salads",,
"Great guacamole",Jul-11,"Page 106","Sides & Salads",,
"Green bean & mustard pickle",Jul-11,"Page 116","Sides & Salads",,
"Halloumi, walnut & frisee lettuce salad with nigella seed vinaigrette",Jul-11,"Page 19","Sides & Salads",,
"Herb roasted new potatoes",Jul-11,"Page 102","Sides & Salads",,
"Lighter chicken caesar",Jul-11,"Page 59","Sides & Salads",,
"Mediterranean salad",Jul-11,"Page 59","Sides & Salads",,
"Mexican chopped salad",Jul-11,"Page 106","Sides & Salads",,
"New potato & sundried tomato salad",Jul-11,"Page 120","Sides & Salads",,
"Salad Lyonnaise",Jul-11,"Page 122","Sides & Salads",,
"Salsa verde",Jul-11,"Page 84","Sides & Salads",,
"Simple mashed  black beans",Jul-11,"Page 106","Sides & Salads",,
"Sizzled onions & peppers",Jul-11,"Page 107","Sides & Salads",,
"Spinach with raisins, pine nuts & breadcrumbs",Jul-11,"Page 41","Sides & Salads",,
"Tapenade twists",Jul-11,"Page 102","Sides & Salads",,
"Tomato & melon salad",Jul-11,"Page 120","Sides & Salads",,
"Tomato, watermelon, & feta salad with mint dressing",Jul-11,"Page 41","Sides & Salads",,
"Zingy salmon & brown rice salad",Jul-11,"Page 26","Sides & Salads",,
"Antipasti peach platter",Aug-11,"Page 86","Sides & Salads",,
"Bonbay potato & spinach pies",Aug-11,"Page 111","Sides & Salads",,
"Choriz & soft-boiled egg salad",Aug-11,"Page 23","Sides & Salads",,
"Chunky barbecue potato slices",Aug-11,"Page 88","Sides & Salads",,
"Crostini with pea puree, rocket & braod beans",Aug-11,"Page 9","Sides & Salads",,
"Cucumber & coriander G&T",Aug-11,"Page 146","Sides & Salads",,
"healthy barbecues chili duck & pineapple salad",Aug-11,"Page 102","Sides & Salads",,
"Hot chicken salad with sweet mustard dressing",Aug-11,"Page 135","Sides & Salads",,
"Italian bean & olive salad",Aug-11,"Page 88","Sides & Salads",,
"Japanese salad with ginger soy dressing",Aug-11,"Page 64","Sides & Salads",,
"Lemongrass braised cherry tomtatoes",Aug-11,"Page 18","Sides & Salads",,
"Mediterranean fig & mozarella salad",Aug-11,"Page 64","Sides & Salads",,
"Mini vegetable frittats",Aug-11,"Page 118","Sides & Salads",,
"Nectarine salad with goat's cheese toasts",Aug-11,"Page 57","Sides & Salads",,
"Open prawn cocktail sandwich",Aug-11,"Page 46","Sides & Salads",,
"Prawn bruschetta skewers",Aug-11,"Page 86","Sides & Salads",,
"Spiced chili popcorn",Aug-11,"Page 46","Sides & Salads",,
"Vietnamese prawn & noodle salad with crispy shallots",Aug-11,"Page 64","Sides & Salads",,
"Bigoli in anchovy sauce",Feb-10,"Page 86","Fish",,
"Cod & prawn parcels",Feb-10,"Page 26","Fish",,
"Cod with parsley sauce",Feb-10,"Page 136","Fish",,
"Crab & citrus salad",Feb-10,"Page 82","Fish",,
"Crunchy asian cabbage prawn salad",Feb-10,"Page 55","Fish",,
"Fish cakes",Feb-10,"Page 23","Fish",,
"Fish pie",Feb-10,"Page 35","Fish","Sauce was very good","4 stars"
"Grilled mackerel with herb horseradish cream",Feb-10,"Page 121","Fish",,
"Grilled salmon witrh chilli glaze ",Feb-10,"Page 43","Fish",,
"Normandy fish stew",Feb-10,"Page 52","Fish",,
"Oriental Cod & Vegetables",Feb-10,"Page 26","Fish",,
"Salmon with warm chickpea, pepper & spinach salad",Feb-10,"Page 29","Fish",,
"Stuffed baked trout",Feb-10,"Page 11","Fish",,
"Tuna arrabiatta pasta gratin",Feb-10,"Page 24","Fish",,
"Cheese souffle with scrambled eggs & smoked salmon",Apr-10,"Page 116","Fish",,
"Grilled mackerel with orange, chilli & watercress salad",Apr-10,"Page 43","Fish",,
"Hot smoked salmon & potato salad",Apr-10,"Page 102","Fish",,
"Hot smoked salmon & lentil salad",Apr-10,"Page 36","Fish",,
"Lobster & smoked salmon choux",Apr-10,"Page 149","Fish",,
"One pan prawn & tomato curry",Apr-10,"Page 118","Fish",,
"Prawn & chorizo frittata",Apr-10,"Page 33","Fish",,
"Roasted salmon",Apr-10,"Page 112","Fish",,
"Smoked haddock & leek risotto",Apr-10,"Page 35","Fish",,
"Spanish seafood rice",Apr-10,"Page 41","Fish",,
"Steamed sea bass with black bean sauce",Apr-10,"Page 47","Fish",,
"Asparagus & crab salad",May-10,"Page 64","Fish",,
"Griddled salmon with spring onion salad",May-10,"Page 68","Fish",,
"Grilled fish with new potato, red pepper & olive salad",May-10,"Page 44","Fish",,
"Lemon sole with sorrel sauce",May-10,"Page 70","Fish",,
"Lobster with butter & sorrel sauce",May-10,"Page 151","Fish",,
"Mussels in spiced broth",May-10,"Page 102","Fish",,
"New England clam chowdrey with crunchy breadcrumbs",May-10,"Page 154","Fish",,
"Ragout of crayfish with girolles & fregola pasta",May-10,"Page 153","Fish",,
"Sashimi tuna with lemongrass pesto",May-10,"Page 150","Fish",,
"Seafood macaroni cheese",May-10,"Page 148","Fish",,
"Seatrout with goat's cheese, almond stuffing",May-10,"Page 154","Fish",,
"Souffle crab & asparagus tart",May-10,"Page 114","Fish",,
"Spaghetti with seafood veloute",May-10,"Page 124","Fish",,
"Spiced trout with sweet potato chips",May-10,"Page 32","Fish",,
"Thai prawn, ginger and spring onion stir-fry",May-10,"Page 67","Fish",,
"Warm trout, sweet potato & spinach salad",May-10,"Page 32","Fish",,
"Crab cakes",Jun-10,"Page 145","Fish",,
"Glazed salmon with green beans",Jun-10,"Page 30","Fish",,
"Grilled lemon sole with lemon sauce",Jun-10,"Page 72","Fish",,
"Grilled sardines",Jun-10,"Page 16","Fish",,
"Halibut with lychee & cashew nut salad",Jun-10,"Page 114","Fish",,
"Poached fillet of haddock with crayfish bisque",Jun-10,"Page 146","Fish",,
"Rude boy fish pie",Jun-10,"Page 145","Fish",,
"Salmon & egg wraps with mustard mayo",Jun-10,"Page 104","Fish",,
"Seared tuna with celeriac remoulade",Jun-10,"Page 143","Fish",,
"Summer fish stew with quick rouille",Jun-10,"Page 118","Fish",,
"Tagliarini with sea bass, clams, mussels & shrimps",Jun-10,"Page 141","Fish",,
"Vietnamese prawn salad",Jun-10,"Page 41","Fish",,
"Baby squid & potato salad",Jul-10,"Page 149","Fish",,
"Baked sea bream with tomatoes & coriander",Jul-10,"Page 110","Fish",,
"Crisp spiced fish fingers",Jul-10,"Page 35","Fish",,
"Cumin & sumac-crusted barramundi with avacado houmous",Jul-10,"Page 151","Fish",,
"Garlic prawns with parsley & lemon",Jul-10,"Page 97","Fish",,
"Hot-smoked trout & mustard salad",Jul-10,"Page 31","Fish",,
"Pan-fried sea trout, peas & chorizo fricassee",Jul-10,"Page 122","Fish",,
"Poached plaice with shrimp butter",Jul-10,"Page 149","Fish",,
"Prawn bruschetta with lemony fennel salad",Jul-10,"Page 41","Fish",,
"Prawn sweet chilli noodle salad",Jul-10,"Page 56","Fish",,
"Roasted red pepper & tuna salad with sherry vinegar",Jul-10,"Page 97","Fish",,
"Shelfish with seaweed butter",Jul-10,"Page 146","Fish",,
"Baby squid stuffed with chorizo & feta",Aug-10,"Page 141","Fish",,
"Baked sea bass with fennel",Aug-10,"Page 63","Fish","I like roasted black olives, The roasted olives & fenel combined very well together. The fish needs to be de-scaled & gutted","4 stars"
"Bream cooked en papillote with garlic, chilli & rosemary",Aug-10,"Page 76","Fish",,
"Chermoula-marinated mackerel",Aug-10,"Page 104","Fish",,
"Crab tartlet with corn salsa",Aug-10,"Page 145","Fish",,
"Creamy cucumber with gravadiax",Aug-10,"Page 62","Fish",,
"Grilled megrim with garlic, parsley & mint butter",Aug-10,"Page 78","Fish",,
"Grilled sardine, walnut & olive salad",Aug-10,"Page 76","Fish",,
"Mackerel tagine",Aug-10,"Page 78","Fish",,
"Mediterranean fish stew",Aug-10,"Page 117","Fish",,
"Prawn, pea & lemon pasta",Aug-10,"Page 33","Fish",,
"Salmon & ginger fish cakes",Aug-10,"Page 30","Fish",,
"Seared monkfish with hazelnut dukkah",Aug-10,"Page 141","Fish",,
"Smoked haddock rarebit",Aug-10,"Page 30","Fish",,
"Smoked haddock, spring onion & saffron tart",Aug-10,"Page 96","Fish",,
"Braised lemondgrass-skewered plaice with creamy tarragon sauce & spinach",Sep-10,"Page 140","Fish",,
"Gingery prawn noodle soup",Sep-10,"Page 29","Fish",,
"Monkfish goujons with romsesco sauce",Sep-10,"Page 143","Fish",,
"One-pan prawn Pad Thai",Sep-10,"Page 29","Fish",,
"Oysters with shallot vinegar",Sep-10,"Page 142","Fish",,
"Paprika rice with prawns",Sep-10,"Page 109","Fish",,
"Peppered mackerel fish cakes",Sep-10,"Page 25","Fish",,
"Rigatoni with spiced prawns, tomatoes & chorizo",Sep-10,"Page 76","Fish",,
"Roasted salmon, pepper & broad bean salad",Sep-10,"Page 110","Fish",,
"Salmon coulibiac",Sep-10,"Page 114","Fish",,
"Tandoori spiced sea brean",Sep-10,"Page 94","Fish",,
"Thai fish soup",Sep-10,"Page 64","Fish",,
"Easy paella",Oct-10,"Page 29","Fish",,
"Fish tacos",Oct-10,"Page 149 ","Fish",,
"Hot & sour broth with prawns",Oct-10,"Page 114","Fish",,
"Poached mackerel pockets",Oct-10,"Page 138","Fish",,
"Prawn & cod cakes",Oct-10,"Page 41","Fish",,
"Prosciutto & pesto fish gratin",Oct-10,"Page 34","Fish",,
"Seafood, chickpeak & chorizo rice",Oct-10,"Page 29","Fish",,
"Smoked mackerel with herb and beet couscous",Oct-10,"Page 30","Fish",,
"Sole goujons with Thai sauce",Oct-10,"Page 98","Fish",,
"Super-fast Pad Thai",Oct-10,"Page 15","Fish",,
"Fish couscous",Dec-10,"Page 70","Fish",,
"Spice-crusted salmon with sauteed potatoes & spinach",Dec-10,"Page 120","Fish",,
"Spicy beer-battered fish & spicy mint chutney",Dec-10,"Page 199","Fish",,
"Smoked trout pate",Jan-11,"Page 77","Fish",,
"Classic kedgeree",Jan-11,"Page 54","Fish",,
"Homemade fishfinger sandwich",Jan-11,"Page 35","Fish",,
"Lobster pithivier",Jan-11,"Page 115","Fish",,
"Roast fillet of sea bass with parsnip puree ",Jan-11,"Page 98","Fish",,
"Salmon & watercress parcels",Jan-11,"Page 40","Fish",,
"Salmon pudding",Jan-11,"Page 88","Fish",,
"Smoked mackerel, orange & couscous salad",Jan-11,"Page 28","Fish",,
"Smoked salmon with lentil salad",Jan-11,"Page 72","Fish",,
"Crab linguine with Chillie & parsley",Mar-11,"Page 122","Fish",,
"Pan-fried salmon with watercress, polenta croutons & capers",Mar-11,"Page 112","Fish",,
"Prawn massaman curry",Mar-11,"Page 136","Fish",,
"Salmon & soft cheese baguette",Mar-11,"Page 33","Fish",,
"Singapore noodles with shrimps & chinese cabbage",Mar-11,"Page 65","Fish",,
"South indian fish sandwich",Mar-11,"Page 134","Fish",,
"Spaghetti with sardines",Mar-11,"Page 29","Fish",,
"Steamed fish & pak choi parcels",Mar-11,"Page 48","Fish",,
"Thai-style moules in coconut milk & coriander",Mar-11,"Page 133","Fish",,
"Tuna fish cake Nicoise salad",Mar-11,"Page 24","Fish",,
"Bang bang prawn salad",Apr-11,"Page 30","Fish",,
"Scampi with chunky chips",Apr-11,"Page 26","Fish",,
"Creamy prawn & spring vegetable pot",Apr-11,"Page 136","Fish",,
"Creamy spiced mussels",Apr-11,"Page 21","Fish",,
"Crunchy tuna pitta pockets",Apr-11,"Page 44","Fish",,
"Mini smoked haddock omelettes",Apr-11,"Page 108","Fish",,
"Mussels & tomato stew",Apr-11,"Page 160","Fish",,
"Parcel-poached salmon with herby mayonnaise",Apr-11,"Page 116","Fish",,
"Prawn cocktail squares",Apr-11,"Page 125","Fish",,
"Salmon with greens & crème fraiche",Apr-11,"Page 28","Fish",,
"Salmon with leeks & parsnip mash",Apr-11,"Page 52","Fish",,
"Salmon with pea crush",Apr-11,"Page 52","Fish",,
"Smoked salmon omelette",Apr-11,"Page 67","Fish",,
"Spider crab gratin",Apr-11,"Page 155","Fish",,
"Spring fish pie",Apr-11,"Page 106","Fish",,
"Tuna empanada pie",Apr-11,"Page 40","Fish",,
"Tuna with soy, ginger & chilli glaze with bok choi",Apr-11,"Page 159","Fish",,
"Baked sardines",May-11,"Page 141","Fish",,
"Creamy seafood stew",May-11,"Page 31","Fish",,
"Fillet of mackerel, shaved fennel salad & soy glaze",May-11,"Page 74","Fish",,
"Hot & sour prawn & peanut salad",May-11,"Page 143","Fish",,
"Peppered mackerel, new potato & watercress salad",May-11,"Page 29","Fish",,
"Salmon & broccoli lattice tarts",May-11,"Page 24","Fish",,
"Salmon & watercress quiche",May-11,"Page 102","Fish",,
"Salmon baked with juniper & lemon thyme",May-11,"Page 21","Fish",,
"Smoked haddock & new potato soup",May-11,"Page 68","Fish",,
"Steamed fish cantonese style",May-11,"Page 147","Fish",,
"Thai prawn, potato & vegetable curry",May-11,"Page 112","Fish",,
"Crunchy fish goujons with skinny chips",Jun-11,"Page 31","Fish",,
"Indonesian fried rice with mackerel",Jun-11,"Page 28","Fish",,
"Leek & smoked salmon tart",Jun-11,"Page 146","Fish",,
"Prawn chow mein",Jun-11,"Page 33","Fish",,
"Prawn cocktail rolls",Jun-11,"Page 47","Fish",,
"Salmon & asparagus pesto",Jun-11,"Page 54","Fish",,
"Salt & pepper squid",Jun-11,"Page 122","Fish",,
"Steamed lemon tilapia with teriyaki sauce",Jun-11,"Page 50","Fish",,
"Spaghetti with crab, cherry tomatoes & basil",Jun-11,"Page 53","Fish",,
"Summer fish pie",Jun-11,"Page 119","Fish",,
"Spiced cocoa-rubbed fish",Jun-11,"Page 145","Fish",,
"Andalucian shrimp & spring onion fritters",Jul-11,"Page 110","Fish",,
"Clam, chorizo & white bean stew",Jul-11,"Page 92","Fish",,
"Crab cakes with dill mayonnaise",Jul-11,"Page 92","Fish",,
"Hot tea-smoked trout with new potato & rocket salad",Jul-11,"Page 92","Fish",,
"King prawn fritters with romesco sauce",Jul-11,"Page 141","Fish",,
"Kung pro prawns",Jul-11,"Page 35","Fish",,
"Mackerel with sizzled garlic, ginger & tomatoes",Jul-11,"Page 38","Fish",,
"Baked Mediterranean fish & couscous",Jul-11,"Page 49","Fish",,
"Parmesan crusted halibut, sag aloo & lime emulsion",Jul-11,"Page 143","Fish",,
"Prawn, dill & cucumber pasta",Jul-11,"Page 59","Fish",,
"Salmon with harissa crust",Jul-11,"Page 24","Fish",,
"Smoked trout fish cakes with mushy peas",Jul-11,"Page 24","Fish",,
"Vietnamese seafood salad",Jul-11,"Page 50","Fish",,
"Potted trout",Aug-11,"Page 120","Fish",,
"Chickpea & mackerel salad",Aug-11,"Page 32","Fish",,
"Mackerel with gooseberry sauce",Aug-11,"Page 71","Fish",,
"Fragrant courgette & prawn curry",Aug-11,"Page 80","Fish",,
"Fragrant fish tagine",Aug-11,"Page 110","Fish",,
"Fried herring with oats",Aug-11,"Page 133","Fish",,
"Griddled courgette & seafood lasagne",Aug-11,"Page 48","Fish",,
"Kedgeree",Aug-11,"Page 133","Fish",,
"Lemony prawn pasta",Aug-11,"Page 35","Fish",,
"Lime & ginger salmon",Aug-11,"Page 48","Fish",,
"Lobster, avocado, & pink grapefruit salad",Aug-11,"Page 133","Fish",,
"Steamed scallops with Sherry & soy dressing",Aug-11,"Page 73","Fish",,
"Pea & mint risotto with salmon",Aug-11,"Page 30","Fish",,
"Prawn & broccoli Asian omelette",Aug-11,"Page 35","Fish",,
"Prawn tacos",Aug-11,"Page 26","Fish",,
"Saucy prawns",Aug-11,"Page 35","Fish",,
"Skewered sardines with tartare dressing",Aug-11,"Page 98","Fish",,
"Smoky chermoula salmon",Aug-11,"Page 98","Fish",,
"Tuna melt pizza baguettes",Aug-11,"Page 29","Fish",,
"Black bean chilli",Feb-10,"Page 26","Vegetarian",,
"Bombay cakes with coriander & mint",Feb-10,"Page 136","Vegetarian",,
"Calzone with greens",Feb-10,"Page 54","Vegetarian",,
"Cauliflower fritters ",Feb-10,"Page 53","Vegetarian",,
"Chana chat",Feb-10,"Page 128","Vegetarian",,
"Creamy goat's cheese with chives",Feb-10,"Page 78","Vegetarian",,
"Leek & goat's cheese tartlets",Feb-10,"Page 50","Vegetarian",,
"Macaroni cheese",Feb-10,"Page 110","Vegetarian",,
"Malfatti di bietola",Feb-10,"Page 133","Vegetarian",,
"Moroccan mushrooms with couscous",Feb-10,"Page 27","Vegetarian",,
"Mumbai potato wraps ",Feb-10,"Page 28","Vegetarian",,
"Pasta with garlicy greens",Feb-10,"Page 56","Vegetarian",,
"Spicy pepper pasta gratin",Feb-10,"Page 24","Vegetarian",,
"Spinach, carrot & potato pakoras",Feb-10,"Page 128","Vegetarian",,
"Tender braised leeks",Feb-10,"Page 51","Vegetarian",,
"Tomato risotto",Feb-10,"Page 130","Vegetarian",,
"Arichoke & broadbean tart ",Apr-10,"Page 103","Vegetarian",,
"Artichoke & pepper tart",Apr-10,"Page 36","Vegetarian",,
"Asparagus coconut crepes ",Apr-10,"Page 80","Vegetarian",,
"Borscht beetroot soup",Apr-10,"Page 154","Vegetarian",,
"Cauliflower & potato curry",Apr-10,"Page 68","Vegetarian",,
"Chard, sweet potato & peanut stew",Apr-10,"Page 89","Vegetarian",,
"Cheese & onion bagel",Apr-10,"Page 30","Vegetarian",,
"Courgette & lemon linguine",Apr-10,"Page 32","Vegetarian",,
"Cream of cauliflower soup",Apr-10,"Page 69","Vegetarian",,
"Grilled aubergines with spicy chickpeas",Apr-10,"Page 63","Vegetarian",,
"Mushroom & chickpea burgers",Apr-10,"Page 40","Vegetarian","perfect with ""salsa picante"", April 2010",
"Mushroom parcels",Apr-10,"Page 148","Vegetarian",,
"Mushroom rarebit with mash",Apr-10,"Page 78","Vegetarian",,
"Pea, mint & spring onion soup",Apr-10,"Page 110","Vegetarian",,
"Spiced rice & beans",Apr-10,"Page 62","Vegetarian",,
"Super-veg pasta",Apr-10,"Page 42","Vegetarian",,
"Sweet potato & ginger parcels",Apr-10,"Page 9","Vegetarian",,
"Veggie thai red curry",Apr-10,"Page 120","Vegetarian",,
"Artichoke & roasted pepper omelette",May-10,"Page 51","Vegetarian",,
"Asparagus with dippinjg sauces",May-10,"Page 63","Vegetarian",,
"Aubergine & black bean stir-fry",May-10,"Page 29","Vegetarian",,
"Chickpea & roasted veg tagine",May-10,"Page 49","Vegetarian",,
"Emmental & onion tart",May-10,"Page 148","Vegetarian",,
"Lentil & lemon fettucine",May-10,"Page 50","Vegetarian",,
"Pea risotto",May-10,"Page 62","Vegetarian",,
"Pepper pissaladiere",May-10,"Page 83","Vegetarian",,
"Potato, taleggio & spinach tart",May-10,"Page 112","Vegetarian",,
"Watercress & Pear soup",May-10,"Page 154","Vegetarian",,
"Rocket & courgette soup with goat's cheese croutons",May-10,"Page 83","Vegetarian",,
"Sauteed asparagus, toasted almonds & manchego cheese",May-10,"Page 116","Vegetarian",,
"Savoy cabbage parcels",May-10,"Page 148","Vegetarian",,
"Slow roasted tomato & gruyere tart",May-10,"Page 110","Vegetarian",,
"Smoky butter beans & greens",May-10,"Page 50","Vegetarian",,
"Spinach & ricotta gnocchi",May-10,"Page 49","Vegetarian",,
"Spring veg tagliatelle with lemon & chive sauce",May-10,"Page 43","Vegetarian",,
"Tortellini & pesto minestrone",May-10,"Page 33","Vegetarian",,
"Vegan tomato & mushroom pancakes",May-10,"Page 17","Vegetarian",,
"Warm goat's cheese salad",May-10,"Page 149","Vegetarian",,
"Beetroot gnocchi with butter, orange sauce",Jun-10,"Page 141","Vegetarian",,
"Braised summer vegetable pisto",Jun-10,"Page 74","Vegetarian",,
"Broad beans with parsley, feta & almonds",Jun-10,"Page 58","Vegetarian",,
"Cheesy baked courgettes",Jun-10,"Page 48","Vegetarian",,
"Courgette gratin",Jun-10,"Page 68","Vegetarian",,
"Garden veg pasta",Jun-10,"Page 30","Vegetarian",,
"Giant couscous & aubergine salad",Jun-10,"Page 48","Vegetarian",,
"Mediterranean stuffed peppers",Jun-10,"Page 27","Vegetarian",,
"Sicillian aubergine, pine nut & raisin fusilli",Jun-10,"Page 76","Vegetarian",,
"Spinach & ricotta cannelloni",Jun-10,"Page 43","Vegetarian",,
"Sweet potato falafels",Jun-10,"Page 40","Vegetarian",,
"Sweetcorn fritters with slow cooked tomatoes",Jun-10,"Page 76","Vegetarian",,
"Vegetable chips",Jun-10,"Page 52","Vegetarian",,
"Artichokes & herby olive sauce",Jul-10,"Page 135","Vegetarian",,
"Cheesy bean burgers",Jul-10,"Page 26","Vegetarian",,
"Cheesy courgette pizza",Jul-10,"Page 59","Vegetarian",,
"Corn, cheese & chilli empanadas",Jul-10,"Page 114","Vegetarian",,
"Creamy pea & watercress pasta",Jul-10,"Page 33","Vegetarian",,
"Fennel & roast tomato lasagne",Jul-10,"Page 74","Vegetarian",,
"Griddled glazed vegetable kebabs",Jul-10,"Page 50","Vegetarian",,
"Halloumi & mushroom skewers",Jul-10,"Page 100","Vegetarian",,
"Miso broth with seaweed",Jul-10,"Page 76","Vegetarian",,
"Red onion tarte tatin with goat's cheese cream",Jul-10,"Page 76","Vegetarian",,
"Spaghetti omelette",Jul-10,"Page 28","Vegetarian",,
"Spiced vegetable pilaf",Jul-10,"Page 41","Vegetarian",,
"Tomato consomme with lancashire cheese ",Jul-10,"Page 80","Vegetarian",,
"Aubergine & chickpea curry",Aug-10,"Page 67","Vegetarian",,
"Baked feta with chilli & oregano",Aug-10,"Page 116","Vegetarian",,
"Fennel with orange & pinenut stuffing",Aug-10,"Page 72","Vegetarian",,
"Fried green tomato with ripe tomato salsa",Aug-10,"Page 81","Vegetarian",,
"Honeyed figs",Aug-10,"Page 16","Vegetarian",,
"Marinated beetroot with grilled goat's cheese",Aug-10,"Page 137","Vegetarian",,
"Ploughman's cheese & tomato pockets",Aug-10,"Page 94","Vegetarian",,
"Ravioli with ricotta & hazelnut filling",Aug-10,"Page 74","Vegetarian",,
"Roast aubergine with goat's cheese ",Aug-10,"Page 41","Vegetarian",,
"Stuffed tomatoes",Aug-10,"Page 56","Vegetarian",,
"Summer pea pasta",Aug-10,"Page 33","Vegetarian",,
"Tomato tart",Aug-10,"Page 55","Vegetarian",,
"Watercress soup",Aug-10,"Page 72","Vegetarian",,
"Watermelon with dukkah dip",Aug-10,"Page 103","Vegetarian",,
"Baked cheesy bean burritos",Sep-10,"Page 30","Vegetarian",,
"Cheesy spinach bake",Sep-10,"Page 48","Vegetarian",,
"Chilled melon soup",Sep-10,"Page 70","Vegetarian",,
"Courgette & basil pasta with pesto crumbs",Sep-10,"Page 90","Vegetarian",,
"Creamy garlic potatoes",Sep-10,"Page 66","Vegetarian",,
"Creamy tomato soup",Sep-10,"Page 45","Vegetarian",,
"Favourite pasta salad",Sep-10,"Page 48","Vegetarian",,
"Gnocchi with lemon & chive pesto",Sep-10,"Page 26","Vegetarian",,
"Mushroom & thyme risotto",Sep-10,"Page 36","Vegetarian",,
"Pasta with pesto & fresh herbs",Sep-10,"Page 77","Vegetarian",,
"Poblano & potato tacos",Sep-10,"Page 62","Vegetarian",,
"Ratatouille with goat's cheese",Sep-10,"Page 38","Vegetarian",,
"Refried bean quesadillas",Sep-10,"Page 30","Vegetarian",,
"Spiced scrambled eggs",Sep-10,"Page 45","Vegetarian",,
"Spiced squash pasta with lime pickle",Sep-10,"Page 78","Vegetarian",,
"Spinach samosas with Indian salad",Sep-10,"Page 37","Vegetarian",,
"Sweetcorn & avocado wraps",Sep-10,"Page 84","Vegetarian",,
"Whole spelt & squash risotto",Sep-10,"Page 69","Vegetarian",,
"All-day veggie breakfeast",Oct-10,"Page 46","Vegetarian",,
"Avocado bagel",Oct-10,"Page 48","Vegetarian",,
"Baked pumpkin with cream & onions",Oct-10,"Page 62","Vegetarian",,
"Carrot houmous with pitta dippers",Oct-10,"Page 52","Vegetarian",,
"Cauliflower soup with Gorgonzola & pickled pear relish",Oct-10,"Page 66","Vegetarian",,
"Diggy egg with Marmite soldiers",Oct-10,"Page 48","Vegetarian",,
"Fast spinach soup",Oct-10,"Page 32","Vegetarian",,
"Hot veggie curry",Oct-10,"Page 46","Vegetarian",,
"Indian butternut squash curry",Oct-10,"Page 40","Vegetarian",,
"Mushroom & mascarpone pizzas",Oct-10,"Page 35","Vegetarian",,
"Oyster mushroom & tofu laksa",Oct-10,"Page 149","Vegetarian",,
"Pear, chicory & blue cheese salad",Oct-10,"Page 76","Vegetarian",,
"Quinoa tabbouleh",Oct-10,"Page 141","Vegetarian",,
"Roasted squash risotto with Wensleydale",Oct-10,"Page 61","Vegetarian",,
"Sandwiches",Oct-10,"Page 120","Vegetarian",,
"Spicy mushroom & broccoli noodles",Oct-10,"Page 32","Vegetarian",,
"Spinach houmous",Oct-10,"Page 112","Vegetarian",,
"Squash, orange & barley salad",Oct-10,"Page 62","Vegetarian",,
"Stir-fry vegetarian pad Thai",Oct-10,"Page 151","Vegetarian",,
"Thai green veggie curry",Oct-10,"Page 46","Vegetarian",,
"Thai pumpkin soup",Oct-10,"Page 56","Vegetarian",,
"Vegetable curry",Oct-10,"Page 46","Vegetarian",,
"Butter-puff celeriac pastry wraps with wild mushroom sauce",Dec-10,"Page 82","Vegetarian",,
"Cheeseboard macaroni bake",Dec-10,"Page 194","Vegetarian",,
"Courgette & herb risotto",Dec-10,"Page 204","Vegetarian",,
"Easy cheese fondue",Dec-10,"Page 187 ","Vegetarian",,
"Pesto & tomato pasta with crispy crumbs",Dec-10,"Page 185","Vegetarian",,
"Spicy beans with scrambled eggs",Dec-10,"Page 199","Vegetarian",,
"Squash & sage pithivier",Dec-10,"Page 51","Vegetarian",,
"Celery, apple & walnut salad",Jan-11,"Page 90","Vegetarian",,
"Veggie wellington",Jan-11,"Page 117","Vegetarian",,
"Couscous with caramelised onions & raisins",Jan-11,"Page 78","Vegetarian",,
"Fennel & chestnut loaf with cranberry relief",Jan-11,"Page 11","Vegetarian",,
"Festive squash jalousie",Jan-11,"Page 61","Vegetarian",,
"Indian potato pie",Jan-11,"Page 59","Vegetarian",,
"Burmese spicy cabbage",Jan-11,"Page 13","Vegetarian",,
"Lemony mushroom pilaf",Jan-11,"Page 35","Vegetarian",,
"Mexican veggie wraps",Jan-11,"Page 24","Vegetarian",,
"Quesadillas with black beans & tomato salsa",Jan-11,"Page 84","Vegetarian",,
"Red cabbage salad with caraway seeds",Jan-11,"Page 90","Vegetarian",,
"Roasted chestnut & herb pesto pasta with mushrooms",Jan-11,"Page 60","Vegetarian",,
"Roasted green peppers & aubergine",Jan-11,"Page 80","Vegetarian",,
"Roasted veggie & citrus couscous",Jan-11,"Page 28","Vegetarian",,
"Root vegetables with elderflower & lemon",Jan-11,"Page 90","Vegetarian",,
"Salad of nordic herbs & ancient grains",Jan-11,"Page 90","Vegetarian",,
"Spiced pepper pilafs",Jan-11,"Page 38","Vegetarian",,
"Squash & sage pasta",Jan-11,"Page 24","Vegetarian",,
"Vegetable stew with herby dumplings",Jan-11,"Page 58","Vegetarian",,
"Walnut & pesto pasta",Jan-11,"Page 24","Vegetarian",,
"Artichoke, olive & caper pizza",Mar-11,"Page 102","Vegetarian",,
"Baked butternut squash, chickpeas & green chilli",Mar-11,"Page 68","Vegetarian",,
"Baked cheese with quick walnut bread & pears",Mar-11,"Page 78","Vegetarian",,
"Individual ricotta & mushroom lasagnes",Mar-11,"Page 66","Vegetarian",,
"Lentil ragu",Mar-11,"Page 106","Vegetarian",,
"Pasta pesto with feta & olives",Mar-11,"Page 33","Vegetarian",,
"Pea & mint pasta",Mar-11,"Page 26","Vegetarian",,
"Potato pancakes",Mar-11,"Page 100","Vegetarian",,
"Quick cauliflower cheese",Mar-11,"Page 53","Vegetarian",,
"Shallot tart tatin with goat's cheese",Mar-11,"Page 78","Vegetarian",,
"Simple pizza base",Mar-11,"Page 102","Vegetarian",,
"Spinach, blue cheese & walnut pizza",Mar-11,"Page 102","Vegetarian",,
"Sun-dried tomato & rosemary palmiers",Mar-11,"Page 18","Vegetarian",,
"Tex-Mex burrito",Mar-11,"Page 28","Vegetarian",,
"Thai coconut & veg broth",Mar-11,"Page 42","Vegetarian",,
"The classic pancake",Mar-11,"Page 96","Vegetarian",,
"Wild mushroom & mascarpone pizza",Mar-11,"Page 102","Vegetarian",,
"Artichoke, red onion & rosemary risotto",Apr-11,"Page 53","Vegetarian",,
"Cajun roasted veggies",Apr-11,"Page 30","Vegetarian",,
"Comte cheese souffle",Apr-11,"Page 67","Vegetarian",,
"Cream cheese & cucumber fingers",Apr-11,"Page 125","Vegetarian",,
"Egg mayo & watercress rolls",Apr-11,"Page 125","Vegetarian",,
"Halloumi with chickpea & couscous salsa",Apr-11,"Page 27","Vegetarian",,
"Herby chickpea balls with tomato sauce",Apr-11,"Page 28","Vegetarian",,
"Lockets savoury",Apr-11,"Page 80","Vegetarian",,
"Persian cauliflower kuku",Apr-11,"Page 72","Vegetarian",,
"Persian rice with sour cherries",Apr-11,"Page 71","Vegetarian",,
"Puy lentil, goat's cheese & olive burgers",Apr-11,"Page 70","Vegetarian",,
"Ricotta, tomato & spinach frittata",Apr-11,"Page 51","Vegetarian",,
"Spiced indian potato wraps",Apr-11,"Page 54","Vegetarian",,
"Chickpea , tomato & spinach curry",May-11,"Page 58","Vegetarian",,
"Creamy tagliatelle with fennel",May-11,"Page 34","Vegetarian",,
"Herby mushrooms on toast",May-11,"Page 42","Vegetarian",,
"Italian style stuffed aubergines",May-11,"Page 35","Vegetarian",,
"Mushroom & goat's cheese calzone",May-11,"Page 30","Vegetarian",,
"New potato, spring onion & Montgomery cheddar quiche",May-11,"Page 68","Vegetarian",,
"Pasta with peas & crème fraiche",May-11,"Page 24","Vegetarian",,
"Peanut butter, banana & honey on toast",May-11,"Page 42","Vegetarian",,
"Risotto with peas & broad beans",May-11,"Page 71","Vegetarian",,
"Roasted tomato, mozzarella & rocket on toast",May-11,"Page 42","Vegetarian",,
"Romano peppers stuffed with paneer & peas",May-11,"Page 104","Vegetarian",,
"Spaghetti with raw tomatoes & peppers",May-11,"Page 141","Vegetarian",,
"Spiced pea & potato rolls",May-11,"Page 37","Vegetarian",,
"Spicy baby aubergine stew with coriander",May-11,"Page 78","Vegetarian",,
"Spinach & ricotta calzone",May-11,"Page 30","Vegetarian",,
"Onion tart",May-11,"Page 56","Vegetarian",,
"Turkish one-pan eggs & peppers",May-11,"Page 76","Vegetarian",,
"Carrot & houmous roll-ups",Jun-11,"Page 47","Vegetarian",,
"Chickpea & coriander burgers",Jun-11,"Page 51","Vegetarian",,
"Courgette & orzo bake",Jun-11,"Page 66","Vegetarian",,
"Egg mayo & watercress wraps",Jun-11,"Page 47","Vegetarian",,
"Gnocchi with courgette, mascarpone & spring onion",Jun-11,"Page 32","Vegetarian",,
"Griddled courgettes with pine nuts & feta",Jun-11,"Page 67","Vegetarian",,
"Herby pesto, bean & potato pasta",Jun-11,"Page 38","Vegetarian",,
"Lucy's breakfast sausage ",Jun-11,"Page 74","Vegetarian",,
"Massaman curry of new potatoes, cauliflower, chickpeas & green beans",Jun-11,"Page 75","Vegetarian",,
"Roasted veggie club",Jun-11,"Page 30","Vegetarian",,
"Sweet & sour lentil dahl with grilled aubergine",Jun-11,"Page 52","Vegetarian",,
"Tofu & vegetable patties",Jun-11,"Page 9","Vegetarian",,
"Tomato & mascarpone pasta bake",Jun-11,"Page 38","Vegetarian",,
"True Neapolitan pizza",Jun-11,"Page 141","Vegetarian",,
"Wild garlic mash with grilled asparagus & puy lentils",Jun-11,"Page 74","Vegetarian",,
"Cheese & tomato pasta bake",Jul-11,"Page 117","Vegetarian",,
"Courgette, broccoli & gremolata pasta",Jul-11,"Page 30","Vegetarian",,
"Double cheese & onion souffle tart",Jul-11,"Page 74","Vegetarian",,
"Goat's cheese & red onion tart",Jul-11,"Page 143","Vegetarian",,
"Mushroom, spinach & new potato filo pie",Jul-11,"Page 49","Vegetarian",,
"Portobello & blue cheese melts",Jul-11,"Page 28","Vegetarian",,
"Salad potato griddle cakes with olives & poached eggs",Jul-11,"Page 84","Vegetarian",,
"Summer vegetable carpaccio with Horseradish dressing",Jul-11,"Page 82","Vegetarian",,
"Tofu, pea & potato frittata",Jul-11,"Page 53","Vegetarian",,
"Tofu & spinach canneloni",Jul-11,"Page 53","Vegetarian",,
"Veggie rice pot",Jul-11,"Page 37","Vegetarian",,
"Warm roasted squash & harissa couscous",Jul-11,"Page 59","Vegetarian",,
"Cauliflower & cheese fritters",Aug-11,"Page 101","Vegetarian",,
"Cheesy eggy bread with chunky salad",Aug-11,"Page 38","Vegetarian",,
"Crispy cheese & guacamole tortillas",Aug-11,"Page 38","Vegetarian",,
"Falafel wraps",Aug-11,"Page 29","Vegetarian",,
"Goat's cheese & shallot tarte Tatin with salad",Aug-11,"Page 137","Vegetarian",,
"Pasta with tomato & hidden veg sauce",Aug-11,"Page 49","Vegetarian",,
"Roasted tomato& cheddar rice with garden salad",Aug-11,"Page 38","Vegetarian",,
"Spicy bean wraps",Aug-11,"Page 32Page 29","Vegetarian",,
"Spicy veg burgers",Aug-11,"Page 26","Vegetarian",,
"Stuffed sweet peppers",Aug-11,"Page 32","Vegetarian",,
"Summer picnic loaf",Aug-11,"Page 32","Vegetarian",,
"Summer vegetable curry",Aug-11,"Page 48","Vegetarian",,
"Tomato & goat's cheese couscous",Aug-11,"Page 32","Vegetarian",,
"Chestnut & chorizo soup with sweet smoked paprika",Dec-10,"Page 205","Starters & Soups",,
"Clementine, feta & winter leaf salad",Dec-10,"Page 34","Starters & Soups",,
"Creamy smoked salmon, leek & potato soup",Dec-10,"Page 34","Starters & Soups",,
"Mushroom butter on toast",Dec-10,"Page 34","Starters & Soups",,
"Pea & mint soup",Dec-10,"Page 204","Starters & Soups",,
"Plate of smoked fish",Dec-10,"Page 128","Starters & Soups",,
"Spiced home-cured salmon",Dec-10,"Page 98","Starters & Soups",,
"Spiced parsnip & ham soup",Dec-10,"Page 195","Starters & Soups",,
"Walnut & stilton orogtto with roasted squash & Port sauce",Dec-10,"Page 116","Starters & Soups",,
"Chinese mushroom soup",Mar-11,"Page 46","Starters & Soups",,
"Curried carrot soup with coconut relish",Mar-11,"Page 66","Starters & Soups",,
"Egg drop chicken noodle soup",Mar-11,"Page 46","Starters & Soups",,
"Frozen lychee & mint cocktails",Mar-11,"Page 116","Starters & Soups",,
"Leek & mustard vinaigrette with Camarthen ham",Mar-11,"Page 112","Starters & Soups",,
"Onion soup with cheese & herb toast",Mar-11,"Page 78","Starters & Soups",,
"Quick tomato soup with cheesy garlic dippers",Mar-11,"Page 26","Starters & Soups",,
"Simple liver pate",Mar-11,"Page 49","Starters & Soups",,
"Spiced red lentil soup",Mar-11,"Page 33","Starters & Soups",,
"Steamed clams in saffron & spring green broth",Mar-11,"Page 62","Starters & Soups",,
"Cream of celeriac soup with croutons",Apr-11,"Page 159","Starters & Soups",,
"Prawn & sweetcorn fritters",Apr-11,"Page 114","Starters & Soups",,
"Salmon & chive pate",Apr-11,"Page 116","Starters & Soups",,
"Savoury parmesan tartlets",Apr-11,"Page 118","Starters & Soups",,
"Thai spinach bites",Apr-11,"Page 114","Starters & Soups",,
"Crostini of artichokes & chives",May-11,"Page 108","Starters & Soups",,
"Minestrone",May-11,"Page 49","Starters & Soups",,
"Pasta & meatball soup with cheesy croutons",May-11,"Page 28","Starters & Soups",,
"Red onion & indian-spiced houmous",May-11,"Page 104","Starters & Soups",,
"Cured ham & remoulade tartines",Jun-11,"Page 100","Starters & Soups",,
"Mushroon pate with red onion chutney",Jun-11,"Page 143","Starters & Soups",,
"Spiced potted crab",Jun-11,"Page 90","Starters & Soups",,
"Gazpacho",Jul-11,"Page 102","Starters & Soups",,
"Mexican chicken & wild rice soup",Jul-11,"Page 46","Starters & Soups",,
"Smoky black bean and roast tomato soup",Jul-11,"Page 82","Starters & Soups",,
"Big bowl noodle soup",Aug-11,"Page 29","Starters & Soups",,
"Green cucumber & mint gazpacho",Aug-11,"Page 46","Starters & Soups",,
"Thai green chicken soup",Aug-11,"Page 110","Starters & Soups",,
"Long amaretto sours",Sep-10,"Page 88","Drinks",,
"Spiced Bloody Marys",Apr-11,"Page 108","Drinks",,
"Grown-up limeade",Jul-11,"Page 75","Drinks",,
"Mexican beer cocktail",Jul-11,"Page 106","Drinks",,
